,resource_state,name,distance,moving_time,elapsed_time,total_elevation_gain,type,sport_type,id,start_date,start_date_local,timezone,utc_offset,location_city,location_state,location_country,achievement_count,kudos_count,comment_count,athlete_count,photo_count,trainer,commute,manual,private,visibility,flagged,gear_id,start_latlng,end_latlng,average_speed,max_speed,has_heartrate,average_heartrate,max_heartrate,heartrate_opt_out,display_hide_heartrate_option,upload_id,upload_id_str,external_id,from_accepted_tag,pr_count,total_photo_count,has_kudoed,athlete.id,athlete.resource_state,map.id,map.summary_polyline,map.resource_state,workout_type,average_cadence,elev_high,elev_low
0,2,Evening Weight Training,0.0,2073,2073,0.0,WeightTraining,WeightTraining,7357690786,2022-06-22T22:14:39Z,2022-06-22T18:14:39Z,(GMT-05:00) America/New_York,-14400.0,,,,0,0,0,1,0,True,False,False,False,everyone,False,,[],[],0.0,0.0,True,113.2,146.0,False,True,7839550435,7839550435,garmin_push_9073675919,False,0,0,False,37571002,1,a7357690786,,2,,,,
1,2,Evening Run,8053.7,2298,2812,13.2,Run,Run,7357689921,2022-06-21T22:32:23Z,2022-06-21T18:32:23Z,(GMT-05:00) America/New_York,-14400.0,,,,0,0,0,1,0,False,False,False,False,everyone,False,,"[32.613059962168336, -80.03843631595373]","[32.619473626837134, -80.05142147652805]",3.505,4.497,True,168.1,185.0,False,True,7839549418,7839549418,garmin_push_9073674906,False,0,0,False,37571002,1,a7357689921,qv`fEfoogN@BNBj@Bd@FRIZWJAn@ZlCf@hDJDLPhAH|@@nBBd@b@Df@g@LIH@RNxBQBe@WmBWkDQyHIaBOeCEoAS{KCqDMaC?s@G}D@i@?gKOxA?~@?lCD|BDjA@vCNzBPxLV|FP|GXfFB\Rz@Fr@MzAEfBmCR]JIFAVEBYFQg@[[]OU}@E{@E]GKYSc@MO]WMc@MsAS[O]C]RSACAWAi@BKCYPQn@A~@I|@At@OdCMj@QjCUrA?l@Ib@DxCDt@Fh@Rz@Jt@HR@jBHj@Vh@JJj@d@zAdArAjA`@RT`@`@Vp@z@`@Tp@dBLzAOd@Y~Ai@~AKd@i@xAe@x@a@Va@NcATm@De@Jk@X]^_AdCa@r@SNqAVe@CiA[W_@]_@c@uAc@iB[a@]YqAIg@@m@Hg@Ce@?[C[U_@OwBi@OCk@Bs@L_@Ig@Ss@Oa@Yu@Yc@U[W]GCDIb@@`@Tn@XnABhDBl@Ph@^v@,2,,80.0,9.0,-2.1
3,2,Afternoon Weight Training,0.0,2985,2985,0.0,WeightTraining,WeightTraining,7341902172,2022-06-20T21:55:54Z,2022-06-20T17:55:54Z,(GMT-05:00) America/New_York,-14400.0,,,,0,0,0,1,0,True,False,False,False,everyone,False,,[],[],0.0,0.0,True,119.0,154.0,False,True,7822352365,7822352365,garmin_push_9055310039,False,0,0,False,37571002,1,a7341902172,,2,,,,
4,2,Afternoon Weight Training,0.0,365,365,0.0,WeightTraining,WeightTraining,7331142624,2022-06-18T21:57:44Z,2022-06-18T17:57:44Z,(GMT-05:00) America/New_York,-14400.0,,,,0,0,0,1,0,True,False,False,False,everyone,False,,[],[],0.0,0.0,True,135.0,150.0,False,True,7810517578,7810517578,garmin_push_9042769417,False,0,0,False,37571002,1,a7331142624,,2,,,,
5,2,Afternoon Weight Training,0.0,2790,2790,0.0,WeightTraining,WeightTraining,7331142315,2022-06-18T21:10:43Z,2022-06-18T17:10:43Z,(GMT-05:00) America/New_York,-14400.0,,,,0,0,0,1,0,True,False,False,False,everyone,False,,[],[],0.0,0.0,True,132.5,156.0,False,True,7810517251,7810517251,garmin_push_9042769088,False,0,0,False,37571002,1,a7331142315,,2,,,,
6,2,Afternoon Weight Training,0.0,1045,1045,0.0,WeightTraining,WeightTraining,7326238135,2022-06-17T20:08:30Z,2022-06-17T16:08:30Z,(GMT-05:00) America/New_York,-14400.0,,,,0,0,0,1,0,True,False,False,False,everyone,False,,[],[],0.0,0.0,True,121.5,152.0,False,True,7805118690,7805118690,garmin_push_9037025853,False,0,0,False,37571002,1,a7326238135,,2,,,,
7,2,Afternoon Run,1766.9,491,491,0.0,Run,Run,7326237839,2022-06-17T19:57:03Z,2022-06-17T15:57:03Z,(GMT-05:00) America/New_York,-14400.0,,,,0,0,0,1,0,True,False,False,False,everyone,False,,[],[],3.599,3.736,True,149.2,163.0,False,True,7805118434,7805118434,garmin_push_9037025631,False,0,0,False,37571002,1,a7326237839,,2,,79.5,,
9,2,Evening Weight Training,0.0,2524,2524,0.0,WeightTraining,WeightTraining,7326237710,2022-06-17T00:52:41Z,2022-06-16T20:52:41Z,(GMT-05:00) America/New_York,-14400.0,,,,0,0,0,1,0,True,False,False,False,everyone,False,,[],[],0.0,0.0,True,115.8,155.0,False,True,7805118269,7805118269,garmin_push_9037025472,False,0,0,False,37571002,1,a7326237710,,2,,,,
10,2,Evening Run,8122.0,2412,2700,55.5,Run,Run,7326236962,2022-06-15T22:58:50Z,2022-06-15T18:58:50Z,(GMT-05:00) America/New_York,-14400.0,,,,2,0,0,1,0,False,False,False,False,everyone,False,,"[33.78239203244448, -84.35503288172185]","[33.782389014959335, -84.35559782199562]",3.367,6.38,True,176.1,188.0,False,True,7805117437,7805117437,garmin_push_9037024812,False,0,0,False,37571002,1,a7326236962,}bemE~qzaO@tARfHNtBJpHXrHN|HFfAHnCGRHfA?z@Hz@Dz@AZDv@@dADj@DnBJ|B\vA`AnCL~@?TKh@ORKFS?}A_@OGAE?EHOdCcB`@e@\O`@k@rCoBl@UrAcA^SbCeAhA]pAUh@O`B]z@S|@QrAQ|Be@h@ElCi@r@?VCfDe@~@Ip@@^CXI`@YxAS~@Yl@@x@o@lBeAj@e@dBmAv@{@h@[\Y|@qAVQh@o@jByAdAkApBgBt@e@b@Q|Bo@xBS`@DdA?xB^lBRvA`@^Th@NrAj@j@b@RXz@n@f@~@d@jA^^Xb@Z\TLf@|@?p@Oq@CWGOQQc@u@k@o@KWM@EEOOg@aAc@m@s@a@KY[]]]a@YqD_Bc@Em@Wm@KcBKw@?WD{@@qAPaAXyAn@g@XyAjAc@f@g@Rg@b@c@h@mAhA[^gAbAa@V_@p@mBjBmAz@i@TwA|@mALM?]FUZYRI?cA\g@Rw@Dk@J]N{@LiBF_BTw@Bq@JuAXiAPc@Nq@JmAHiDt@kA\aBRuA`@u@PaAb@m@^}AjAg@TkAv@iBzA}@bAqBhA]^EPF@pAXVDHAPQLU@SIm@W_ASc@a@cBSsAIwDAeCC_@MwC@g@GuAIw@@QIi@Cs@Es@E{AA{CMcBCwBGo@@aBSuDAq@Ge@?qCQ{CAyBGoA,2,,79.1,300.0,270.3
12,2,Afternoon Weight Training,0.0,305,305,0.0,WeightTraining,WeightTraining,7326235773,2022-06-15T18:38:34Z,2022-06-15T14:38:34Z,(GMT-05:00) America/New_York,-14400.0,,,,0,0,0,1,0,True,False,False,False,everyone,False,,[],[],0.0,0.0,True,137.5,148.0,False,True,7805116205,7805116205,garmin_push_9037023636,False,0,0,False,37571002,1,a7326235773,,2,,,,
14,2,Evening Weight Training,0.0,3576,3576,0.0,WeightTraining,WeightTraining,7326235007,2022-06-13T22:00:56Z,2022-06-13T18:00:56Z,(GMT-05:00) America/New_York,-14400.0,,,,0,0,0,1,0,True,False,False,False,everyone,False,,[],[],0.0,0.0,True,121.8,149.0,False,True,7805115368,7805115368,garmin_push_9037022891,False,0,0,False,37571002,1,a7326235007,,2,,,,
15,2,Afternoon Run,8051.5,2416,3340,137.4,Run,Run,7326234252,2022-06-12T21:58:34Z,2022-06-12T17:58:34Z,(GMT-05:00) America/New_York,-14400.0,,,,5,0,0,1,0,False,False,False,False,everyone,False,,"[33.79260437563062, -84.34341514483094]","[33.79273270256817, -84.34322655200958]",3.333,4.856,True,162.1,181.0,False,True,7805114502,7805114502,garmin_push_9037022016,False,0,0,False,37571002,1,a7326234252,wbgmEjixaO}@E_@DyBCQAaAm@WEK\Wd@_AhAMXU`@c@|@Kb@OX]~ACf@Q~AM~AQpAObBMn@[|@E\QZu@bCm@`Ba@fBKVMBOrA_@dBSd@Sn@WtBSzCBdBRdDA`@D|AGfADVHHCxADl@CPLnAH^DpA?`@@REp@Mx@GVqAlCQl@Cf@_@tAYl@k@xAE`@]pAAvAOl@]~@Oh@cApGq@hH@p@E\MdCJnC^vBZv@Jb@|@r@\NrA\pBt@^D\l@^Tb@PV\jE|D`AfA|@v@b@d@`@Xl@|@n@h@jAjAPb@\Xd@XPVhBt@ARHRbCbCLDXVv@d@^ZNFbA|@VNVZxBfBFB^VHJ^RlAvA]W[Q_@g@k@]uA_Ai@QyAkAe@e@Uc@AEJc@Xi@Ha@V_@N_@t@eALUHWPWX[TEfBIY@a@He@Lm@VSXA^QZWVQJUXg@hAE`@EL[l@A?}@k@]Yg@YaAcAiBaBw@m@k@_@o@}@_Ak@]u@y@eAkAmAe@[eAoAqAuAGKsAsAqAcAGGO]}BwAi@Ui@KeAa@m@IqAk@aBwFKi@DqEAa@Du@@oATqBLsBTaALuALw@Jk@Pe@ZqAh@mBVy@B{AHa@`AaCJa@Hc@\gAjBcIYoCAaAEq@MaAAw@HsAC{CBk@E_AGc@As@@}BHQDk@Ci@@[XiBZ}@Rw@XoA?Mf@qAVoA|BmH`@_BXcCJo@FaBNiBLi@HqAXcAl@eA^c@P[Nm@FO^]Ze@Pg@VEb@Tb@Z`@DRH^If@GvAFNHFl@a@G]Cw@Be@FH@HCp@]z@D,2,,78.9,295.8,258.2
17,2,Evening Run,6445.8,1851,2318,93.5,Run,Run,7326232498,2022-06-11T23:32:54Z,2022-06-11T19:32:54Z,(GMT-05:00) America/New_York,-14400.0,,,,2,0,0,1,0,False,False,False,False,everyone,False,,"[33.79258534871042, -84.34334188699722]","[33.79063429310918, -84.34444301761687]",3.482,5.54,True,169.7,185.0,False,True,7805112690,7805112690,garmin_push_9037020316,False,0,0,False,37571002,1,a7326232498,sbgmE|hxaO`@C\BXDd@NXP`@^x@h@\JzAHZFHJ@JRpBBl@E~AB`@Ej@EbBCX?l@VxABr@CfA]pCM`@OTq@l@k@`As@r@YTUXYT_BfCS`@kB|CCT@Br@bAVTV^Xf@f@rAn@jCV`CRfANp@V`@VXb@TdBLj@RdALdBBhAKTSjAO^Ab@Gl@Fx@Cr@HdBI|Dg@dAUjBY`AKjB]tBUbBYnAK`@SRCJD?TP|@J|C?~@Fh@@x@RlCCz@NpB?`DNxAPlA?~AL|ANzAAn@Kp@K`@Bb@Hh@Bn@Cf@FhEPnA@n@BrCFx@ElAAWBeA]iGDQE}ACu@Gg@AcBGqBOyBCyAB}AMk@AaBOaCDk@E}B?qBKeEKwAFqBC}AEw@_@WCIUEc@Lq@D]P_BNoAT[@e@JqBPcDp@m@Fg@JqAFi@JaBHi@DwBAg@B{APc@PsBPuACa@Eq@MeBe@g@E_@Sk@c@Oa@[_BSm@Mm@Gg@[yAg@oAe@yAYm@QS[W]a@Kc@Ps@R]^e@|@uAp@q@d@y@d@i@Vg@rDuDV]Ts@Lg@@c@Fa@Bq@E_A]}ACm@?eBPmCHYAKW{@KoA,2,,79.7,307.6,265.0
19,2,Afternoon Weight Training,0.0,3461,3461,0.0,WeightTraining,WeightTraining,7326231085,2022-06-11T18:36:01Z,2022-06-11T14:36:01Z,(GMT-05:00) America/New_York,-14400.0,,,,0,0,0,1,0,True,False,False,False,everyone,False,,[],[],0.0,0.0,True,124.6,151.0,False,True,7805111122,7805111122,garmin_push_9037018863,False,0,0,False,37571002,1,a7326231085,,2,,,,
20,2,Evening Activity,0.0,3112,3112,0.0,WeightTraining,WeightTraining,7261827797,2022-06-05T22:13:53Z,2022-06-05T18:13:53Z,(GMT-05:00) America/New_York,-14400.0,,,,0,0,0,1,0,True,False,False,False,everyone,False,,[],[],0.0,0.0,True,126.6,162.0,False,True,7734882811,7734882811,garmin_push_8961509132,False,0,0,False,37571002,1,a7261827797,,2,,,,
21,2,Afternoon Run,9920.8,2909,3058,65.9,Run,Run,7261449295,2022-06-05T19:41:54Z,2022-06-05T15:41:54Z,(GMT-05:00) America/New_York,-14400.0,,,,5,0,0,1,0,False,False,False,False,everyone,False,,"[33.782364539802074, -84.35501435771585]","[33.78243176266551, -84.35502785257995]",3.41,7.787,True,166.4,183.0,False,True,7734457086,7734457086,garmin_push_8961095278,False,1,0,False,37571002,1,a7261449295,wbemEzqzaOARFf@HpFFj@VhGCh@BjCP~CDjDHbC?xBD~@J|@?b@Hl@DdAAXFfBDfCVzE@|AH`BRjA^nAFn@d@pAFh@Kv@MRc@PkBm@GGFQb@[^c@h@]j@k@F?|@g@Z_@~BoBlAw@j@Wz@q@d@O`@UfA]tBc@b@Oj@KXMhAMp@SvAY|AOj@QbDa@d@Cd@KT@v@GnAUVIZC`@H^CfA@TA\Kh@KVBp@ELEPOb@Mv@a@~@mAd@WpCgBz@w@bAs@pAeA`@a@Z_@FMbA{@r@cAz@cA^_@LO~@u@`@Wz@a@b@MF@jBo@rAYZ?h@EdA?bBPV?n@RfBVlA^h@`@XZx@b@v@`An@f@Vl@RXL`@A`@FVZNVV\PFLXRXX\p@n@p@b@|@d@t@nAfA\^rAj@`Ap@THd@FfBd@dALp@Lp@DVNlBTJAfBZnAHh@Sf@F^N`@Ft@P`AGt@WVODG]N_@VOR]Rm@Fk@?yAQ_@?UK}AGa@Ie@A{AOe@I_@Oo@SmAMYKc@KqAUe@Ow@MgB{@aAo@oCcDsAqAa@o@[mAgAiA?GGKSKS]}@_A}@oAy@y@[Ka@WKM_@Qq@YsA_@]Sg@Ma@EAGBAoCGm@D]A_BXeAXaChAmBfBc@ZkBvBwCtCy@z@aEfDwA~@o@Xa@Pq@Jg@?c@`@eA\m@XmBL}@Zm@NwANc@AuAF}@HgBV{AFc@F{B^uBj@o@Jq@T_@Fe@Do@Rc@Fi@La@Rs@b@u@ZQJiAf@k@`@o@\g@f@e@Te@Z_@\o@v@o@b@OBk@h@u@f@GHDJNFlBZDEJYFg@ScAo@qBWqAEg@Gc@@yBIcACmAKqA?u@Gk@Cm@KcA?kBDo@ESGaDQqGIy@Qs@Du@Cs@?mDIo@Ag@DkAEaAB_CMo@IsAQgB?i@GuAAe@,2,,79.2,309.6,270.4
23,2,Evening Activity,0.0,2269,2269,0.0,WeightTraining,WeightTraining,7250826104,2022-06-04T00:56:14Z,2022-06-03T20:56:14Z,(GMT-05:00) America/New_York,-14400.0,,,,0,0,0,1,0,True,False,False,False,everyone,False,,[],[],0.0,0.0,True,119.3,152.0,False,True,7722820506,7722820506,garmin_push_8948864826,False,0,0,False,37571002,1,a7250826104,,2,,,,
24,2,Evening Run,5108.8,1525,1731,43.7,Run,Run,7250402233,2022-06-03T22:12:19Z,2022-06-03T18:12:19Z,(GMT-05:00) America/New_York,-14400.0,,,,2,0,0,1,0,False,False,False,False,everyone,False,,"[33.79303017631173, -84.35174524784088]","[33.79209375008941, -84.35020809061825]",3.35,4.601,True,166.6,180.0,False,True,7722365268,7722365268,garmin_push_8948428816,False,0,0,False,37571002,1,a7250402233,megmEl}yaOhAzAPLTHl@p@Vj@Vp@DZ\bAXzAJz@Px@Jl@Tt@h@h@VBJAn@Vv@Jd@LzBPlAKp@?VMb@EHGVEb@CVB~@Ed@Mj@DrAKrAGnAK\Qh@Ef@Od@IhE_@l@Il@Cf@OnBUb@MjAInAUp@E`@MXQpAg@d@Kn@UzAW^M`@G^M|@MdBk@f@M\Qd@O`@GZMbAWp@Ul@Oj@Gb@A`ECvABPBvBFnBEfBBHGDKGkAHk@EuBO]CbALlDE`@o@EeAJQ?{@JiEGeAFmBE_AB}ALqBf@u@Tw@N}@XWL}@PiA\_Cf@g@Pc@HmC|@yCp@}AL{@Re@DaAPU@aB\a@Dk@LeBRmB\c@BeANuANmBLmDJi@Fw@@g@Fe@L{BV_AAaAIk@Mi@KwA_@a@Cg@KGGS]Ss@Ie@O{AQq@QuAe@eB[i@Us@Q]_AkAi@i@AOZ}@Xc@`@e@`AwAVe@L],2,,78.6,312.0,279.2
26,2,Evening Activity,0.0,413,413,0.0,WeightTraining,WeightTraining,7245625591,2022-06-02T23:20:12Z,2022-06-02T19:20:12Z,(GMT-05:00) America/New_York,-14400.0,,,,0,0,0,1,0,True,False,False,False,everyone,False,,[],[],0.0,0.0,True,128.6,144.0,False,True,7717176554,7717176554,garmin_push_8942813857,False,0,0,False,37571002,1,a7245625591,,2,,,,
27,2,Evening Activity,0.0,2195,2195,0.0,WeightTraining,WeightTraining,7245585211,2022-06-02T22:37:00Z,2022-06-02T18:37:00Z,(GMT-05:00) America/New_York,-14400.0,,,,0,0,0,1,0,True,False,False,False,everyone,False,,[],[],0.0,0.0,True,127.7,158.0,False,True,7717132967,7717132967,garmin_push_8942773840,False,0,0,False,37571002,1,a7245585211,,2,,,,
28,2,Evening Run,1660.0,502,510,43.8,Run,Run,7240508619,2022-06-02T00:05:06Z,2022-06-01T20:05:06Z,(GMT-05:00) America/New_York,-14400.0,,,,1,0,0,1,0,False,False,False,False,everyone,False,,"[33.79262306727469, -84.34334733523428]","[33.78924331627786, -84.35554778203368]",3.307,4.027,True,161.6,175.0,False,True,7711613520,7711613520,garmin_push_8936861418,False,0,0,False,37571002,1,a7240508619,{bgmE|hxaOn@Ab@Bj@N`Aj@LNj@d@RHh@D~@?XJNj@LvA?\ERC~ABbAIv@BPB|ATlB@p@Ar@UvBKl@Of@i@l@Yb@eCzB[b@gCrEu@bAKTOj@CT`@f@p@fA^`@p@rBZvAZnBRp@LpA^dA\X`@Jb@FXLpAZdCNn@Cr@I,2,,79.6,296.3,264.8
30,2,Evening Activity,0.0,2277,2277,0.0,WeightTraining,WeightTraining,7240056106,2022-06-01T22:10:04Z,2022-06-01T18:10:04Z,(GMT-05:00) America/New_York,-14400.0,,,,0,0,0,1,0,True,False,False,False,everyone,False,,[],[],0.0,0.0,True,120.3,142.0,False,True,7711128919,7711128919,garmin_push_8936412333,False,0,0,False,37571002,1,a7240056106,,2,,,,
31,2,Evening Activity,0.0,2681,2681,0.0,WeightTraining,WeightTraining,7234619698,2022-05-31T22:24:06Z,2022-05-31T18:24:06Z,(GMT-05:00) America/New_York,-14400.0,,,,0,0,0,1,0,True,False,False,False,everyone,False,,[],[],0.0,0.0,True,118.8,148.0,False,True,7705212619,7705212619,garmin_push_8930055552,False,0,0,False,37571002,1,a7234619698,,2,,,,
32,2,Afternoon Run,12883.1,3873,4636,133.6,Run,Run,7228425545,2022-05-30T17:28:26Z,2022-05-30T13:28:26Z,(GMT-05:00) America/New_York,-14400.0,,,,2,0,0,1,0,False,False,False,False,everyone,False,,"[33.79251276142895, -84.34330064803362]","[33.790494818240404, -84.34660093858838]",3.326,9.717,True,169.0,184.0,False,True,7698438795,7698438795,garmin_push_8922806781,False,0,0,False,37571002,1,a7228425545,ebgmEthxaOv@Az@\~ApAJNFBpAAb@B`@LTh@L|@Bp@?`AFb@D~@QjCAfALr@LpA?f@Ad@_@tCSf@kBlBYTw@z@_@XmAtBOf@Q^a@b@oA|AA\K\^bANXP`@^\V`@jA~CLz@TlB\zAFVd@t@b@TVDZCn@^|AP~AFzBSrA]nAIjBCZJjDQzKyAxDq@f@CvAUhBa@VRPbB@p@Fj@AfBJfBFvDPrABl@?tBHtAAhC@tBBn@JvAJd@BlBNxB@~AHrBIXDt@DjBH`CBJ@`@Cj@LpALtDZnCv@bCLf@Dn@Of@YX_@@_@Go@U]GCBALTb@Dn@?x@FjAC`MBr@Cf@@v@GFY?_BIuA`@WXc@Lg@FiDNyALa@K][O[Go@Q_@Gu@m@iA]Q[Ie@Cc@DwAVQXCb@If@Er@CpADj@P|@Tj@n@hAZHb@VXb@R`@TZRPf@LdAd@b@ZVf@Rb@Lv@Dd@@jCXjAC@y@Sc@E]YKSn@{@Ni@Ba@M{AO_@EK]]c@U_Cc@qAM{AWiACS@c@N]`@W`@KdA@f@Fl@Pb@t@z@`@TtCr@jBZbBO`AS\Vl@ZdAbA^Fh@CPQn@iA@o@J}@?]Ei@@oAE_B?_BBo@Lq@Pg@ZeBv@yAfAwAr@SRAHBfAGOyF@{AFcA@m@EaC@q@?yBzDaFBOXS\e@bAc@`A}@zByAzAw@nAg@`E}@tBo@`AQ~AUpAI`Cg@hAOP@`BOzDo@nAKEZgAVkB?_BVoAFeAJg@JmBTg@NwAJuA\i@Fm@VcB`@u@FmAVcAf@uAh@k@Z]Xy@h@iAj@aCvBgAx@i@PgBdBEJBFxBZXc@B_AAI]u@]iAIe@Mi@[oCAm@Kg@Da@?o@KsAIeCUqCJu@FsAYoAGaBSwA@y@Ks@As@I]Ce@?{BJm@YkIKk@DkBGi@CoAOoB@SGeA?q@IwB@sAWHmCPk@RqAXaC\eAVqALk@_@WCwCb@_@Lk@HuABiBNiB@cBZWCg@LkALcBC}Be@o@Si@C_@Qe@o@I]Gm@O}@Co@WgAGg@G_@Y_AaAaCq@{@u@o@G]\oAvAiB\m@l@sAp@aAv@w@FWr@o@T_@`Aw@\u@Lu@BcBJaAOqC,2,,79.8,307.6,265.4
34,2,Afternoon Activity,0.0,3957,3957,0.0,WeightTraining,WeightTraining,7224310051,2022-05-29T21:32:57Z,2022-05-29T17:32:57Z,(GMT-05:00) America/New_York,-14400.0,,,,0,0,0,1,0,True,False,False,False,everyone,False,,[],[],0.0,0.0,True,112.5,139.0,False,True,7693935136,7693935136,garmin_push_8917724838,False,0,0,False,37571002,1,a7224310051,,2,,,,
35,2,Evening Run,6442.9,2011,2329,106.5,Run,Run,7218888786,2022-05-28T23:39:11Z,2022-05-28T19:39:11Z,(GMT-05:00) America/New_York,-14400.0,,,,2,0,0,1,0,False,False,False,False,everyone,False,,"[33.79223741590977, -84.34328346513212]","[33.793260008096695, -84.34338170103729]",3.204,4.843,True,159.4,173.0,False,True,7687958323,7687958323,garmin_push_8911677969,False,0,0,False,37571002,1,a7218888786,m`gmEphxaOkAEwDHg@M}@g@KC]JGDs@|@Sb@c@jA]n@_@bAK^MXKz@Cf@EHCj@a@bC?VOdBUfA{@vDQd@WbAu@fBo@nBWd@QpAO^Mj@m@vCOzB?d@Gn@A~APdBDjA@t@Bx@?n@Id@?~@EhANpA@TBRBdAJr@D~@@^i@nBINeAfDMn@]lAYn@K^T^G`@Ub@Sh@{@~Cc@nAYxA[nAKl@Of@Mn@KlCMvAIxDG`@A`BN|Cn@vBTd@V^bAh@x@D^Ff@X~@`@j@HHJJb@^Z\Jb@h@rA~@nBpBb@j@`@`@d@`@p@^BHPZvAbB`@p@YQkAuA}@y@aAu@aAcA{@u@}BcCg@a@?UWKkAs@SUi@Uk@O_@Se@OqAWu@c@i@y@Sc@]cBQe@SeACc@D[G_ARuAEsARoCHkBfBcJ`@iABmAXqAp@uBTc@Ja@@Y\k@^mAJWZuAZs@r@aDBc@?g@]}BC_BIq@Kc@DeBCs@Hy@Bm@KeD@w@EaAJaB@aBDa@r@yBP_ALa@Hi@@YPSHSxAiFRi@d@qBPe@`@cBl@gEFiCHaAToA^eAT_@Tm@f@cAfBaDD?VVTNPR\NbBFPA,2,,78.4,286.5,258.2
37,2,Evening Activity,0.0,256,256,0.0,WeightTraining,WeightTraining,7218886183,2022-05-28T22:57:51Z,2022-05-28T18:57:51Z,(GMT-05:00) America/New_York,-14400.0,,,,0,0,0,1,0,True,False,False,False,everyone,False,,[],[],0.0,0.0,True,115.9,127.0,False,True,7687955500,7687955500,garmin_push_8911675181,False,0,0,False,37571002,1,a7218886183,,2,,,,
38,2,Afternoon Activity,0.0,4117,4117,0.0,WeightTraining,WeightTraining,7218885597,2022-05-28T21:45:26Z,2022-05-28T17:45:26Z,(GMT-05:00) America/New_York,-14400.0,,,,0,0,0,1,0,True,False,False,False,everyone,False,,[],[],0.0,0.0,True,121.5,167.0,False,True,7687954869,7687954869,garmin_push_8911674555,False,0,0,False,37571002,1,a7218885597,,2,,,,
40,2,Evening Activity,0.0,2152,2152,0.0,WeightTraining,WeightTraining,7208771235,2022-05-26T22:37:47Z,2022-05-26T18:37:47Z,(GMT-05:00) America/New_York,-14400.0,,,,0,0,0,1,0,True,False,False,False,everyone,False,,[],[],0.0,0.0,True,123.3,163.0,False,True,7676882933,7676882933,garmin_push_8899899031,False,0,0,False,37571002,1,a7208771235,,2,,,,
41,2,Evening Run,4576.7,1187,1187,0.0,Run,Run,7208303021,2022-05-26T22:07:25Z,2022-05-26T18:07:25Z,(GMT-05:00) America/New_York,-14400.0,,,,0,0,0,1,0,True,False,False,False,everyone,False,,[],[],3.856,4.429,True,158.6,170.0,False,True,7676379489,7676379489,garmin_push_8899446662,False,0,0,False,37571002,1,a7208303021,,2,,80.4,,
42,2,Evening Run,6448.5,1885,2238,93.5,Run,Run,7203127546,2022-05-25T23:28:17Z,2022-05-25T19:28:17Z,(GMT-05:00) America/New_York,-14400.0,,,,3,0,0,1,0,False,False,False,False,everyone,False,,"[33.79260345362127, -84.34332210570574]","[33.79260010086, -84.34353693388402]",3.421,4.823,True,163.6,180.0,False,True,7670744762,7670744762,garmin_push_8893369284,False,1,0,False,37571002,1,a7203127546,wbgmExhxaOh@C\@v@TZRh@j@dAb@TBn@G^?^FHX^rDCn@Aj@Dl@Ef@CvAHx@?j@PzB?^Eh@e@`CSp@i@p@AHYZ{ArAc@`@}@hAaAhBM\}ArB?XEHI^fA`BVRXj@Vl@Jj@\dADd@^jA^jDBLNb@j@j@d@NPGPJh@Hh@TnARdBFl@It@Q^G^Of@Gr@CR@b@IJFP@j@D`@?h@I~@G`@KnCc@b@C\@hAMh@KbCSd@Ob@GZB|@UlAa@r@Ef@IZKd@DJn@ANLbAB`@@pCDVD|@?`CFp@@`@D`@FJJh@IdBFbAA|@FbCF`@H|AGx@PnEC\DxALvADZFhBGb@[BO?f@c@@IMcCCOUgGAaBOeCBq@YeG@i@G_BKk@@cAG}BAsAE_BI{@EcB@g@CgAGMWAe@NeB^y@TsAH]Fe@Ne@JoAPa@BWF_AL[HU?uC\kBPuA@m@DgCBo@H_AXsBNQ@Wm@A`@EDO@a@CW?g@Q}@MYUQGm@EWKYU]w@Qk@Em@c@yB]cCO_@Ws@m@kAw@mA[WOe@Ts@Xc@^e@\m@^g@pA}BvBcCzAuAn@kBNkAB{@Cg@U}C@m@GyB@k@HiA@e@IgBI_AGGw@Es@@YI_@OYWUW]i@mA_@g@HYV,2,,79.5,307.5,264.9
44,2,Afternoon Activity,0.0,3417,3417,0.0,WeightTraining,WeightTraining,7201836722,2022-05-25T17:16:08Z,2022-05-25T13:16:08Z,(GMT-05:00) America/New_York,-14400.0,,,,0,0,0,1,0,True,False,False,False,everyone,False,,[],[],0.0,0.0,True,109.7,144.0,False,True,7669344872,7669344872,garmin_push_8891993245,False,0,0,False,37571002,1,a7201836722,,2,,,,
45,2,Afternoon Run,9849.6,2818,3242,150.2,Run,Run,7192318045,2022-05-23T21:47:58Z,2022-05-23T17:47:58Z,(GMT-05:00) America/New_York,-14400.0,,,,3,0,0,1,0,False,False,False,False,everyone,False,,"[33.79252131097019, -84.3432667851448]","[33.792716693133116, -84.34334121644497]",3.495,4.542,True,163.3,182.0,False,True,7659049405,7659049405,garmin_push_8880912973,False,2,0,False,37571002,1,a7192318045,gbgmElhxaOl@CL?n@Pj@XHHL\bA~@ZFl@I`@Af@LVx@F^Ft@?t@Jx@Ad@MdAIvAEzAVjBBf@Aj@OzAUdASb@m@p@e@d@QV_A|@k@z@]b@s@bAo@fA[Xm@|@Wb@Kp@?THVTXN\h@l@X`@\r@j@vAZjAZfDH`@Nn@LZPV^X~@J^LlATjAHxA@~@IxAYb@GJE`@GfBAd@GR@vBS`BKr@Kx@Cf@GxAQfAUtAKtF_ARANCHIh@Sd@?VL@NNf@Dj@AlCXpHJrEFx@DlBRlEH|EDn@?z@DfADn@?p@FnC?dAJlBNhB?|@JbD?rCFr@^jBfAlDJn@?TMb@a@VkB_@YKLlA@z@@bFAh@BfBAzCBzACxCB|ACfCBxABpCCd@BlCCn@?h@@t@GhE?p@?b@D^?f@C~@ETC`AFn@?fAAREB}@KMEcBa@c@YeAiAUSMSa@[_@Qs@u@eAc@m@[_@C[Ma@GWI}Ba@c@Oc@A_@Kc@Dg@Eg@HYC{@?uAw@a@]y@y@_@Ya@s@W]_AgAq@}@m@m@]Sy@cAkAw@eA}@a@ScA_AkAs@kBwA}@cA[Wq@}@cAcAkA_AyAuA_@Yq@{@gC}BYg@mFiFuAiASSMUiCcBw@Wm@YoBg@]U}@aAWa@Uu@_@uC@wCBu@Cs@NwCf@aFT{@RmA`@kBH}@Pi@f@qBHi@Nk@Vm@DkAdBcF^}AXq@Hm@VeAFi@Aw@QsBKgBCgB?MFe@AiAB_BE{@Ak@B]Q{AD_BNkBAq@TaCb@{ANu@Lu@rAuDVk@n@eBh@qBXsAj@uDJcATsDHk@b@oBTq@j@kAR]Z[Va@Te@Ze@RGF?n@^|@Xb@Cj@?r@Fn@B,2,,80.0,307.6,258.2
47,2,Morning Activity,0.0,2978,2978,0.0,WeightTraining,WeightTraining,7189637270,2022-05-23T12:02:37Z,2022-05-23T08:02:37Z,(GMT-05:00) America/New_York,-14400.0,,,,0,0,0,1,0,True,False,False,False,everyone,False,,[],[],0.0,0.0,True,117.2,155.0,False,True,7656148157,7656148157,garmin_push_8877733182,False,0,0,False,37571002,1,a7189637270,,2,,,,
48,2,Evening Run,4840.8,1436,1501,80.9,Run,Run,7187782982,2022-05-23T00:08:51Z,2022-05-22T20:08:51Z,(GMT-05:00) America/New_York,-14400.0,,,,4,0,0,1,0,False,False,False,False,everyone,False,,"[33.79257227294147, -84.34332881122828]","[33.7924499809742, -84.34342461638153]",3.371,5.416,True,166.9,181.0,False,True,7654099421,7654099421,garmin_push_8875358534,False,2,0,False,37571002,1,a7187782982,qbgmExhxaOb@MPAd@FJH@JHDV\NLZLTPRDPLTHDLH@r@Gl@JPPDL?ZDn@FV?f@An@Cn@EDA^J\@N@vBCb@I`@Hj@PXDJHr@Id@Cz@On@K|@Qj@SVyBjBQ^u@v@i@r@c@x@w@fAc@`A}@tAG^Ab@JRXXZv@`@h@Tb@Px@d@fABX\hARrBHb@@ZX|@RT`@VZJd@@b@RZPzALv@@FBlAE|@Mz@S@?BJ~A[JF`@@l@GpAEX@dDg@L@|BYj@Ch@Q~@OjAKnBUf@OnAMPGRA|@QlA[y@ZY?QH_@FaB\mAL[Fa@B}Bf@_BNk@Bc@PaBRiBLuDJsA?cANWCc@J_@Nm@JaCEcDc@a@Q_@Ag@Qs@g@Wg@K]I{@Qw@Iq@@WOy@Ac@Yw@[g@M_@Wc@qAiB]WAG?W\{@fAqA^y@f@k@r@iA~AiB\St@gAdAiAXe@NkAH[@s@FkAMSw@{@QY@i@VeCDo@XuAL_@@[Me@KgAO[SSe@EYKeAKk@[q@m@]Sk@UYC,2,,78.7,307.5,265.1
50,2,Afternoon Activity,0.0,6989,6989,0.0,WeightTraining,WeightTraining,7181348247,2022-05-21T20:40:40Z,2022-05-21T16:40:40Z,(GMT-05:00) America/New_York,-14400.0,,,,0,0,0,1,0,True,False,False,False,everyone,False,,[],[],0.0,0.0,True,103.3,144.0,False,True,7647047593,7647047593,garmin_push_8868076990,False,0,0,False,37571002,1,a7181348247,,2,,,,
51,2,Evening Run,7941.2,2356,2785,110.1,Run,Run,7175876001,2022-05-20T22:16:08Z,2022-05-20T18:16:08Z,(GMT-05:00) America/New_York,-14400.0,,,,5,0,0,1,0,False,False,False,False,everyone,False,,"[33.792423494160175, -84.3433848861605]","[33.792455177754164, -84.34341933578253]",3.371,4.501,True,173.7,188.0,False,True,7641086742,7641086742,garmin_push_8861896676,False,1,0,False,37571002,1,a7175876001,sagmEdixaO@CZARJr@NRLHNZTX^ZN\Hf@@z@EV@BB\bCB^BzBMt@ApA@^Ex@\fCBd@El@c@dCQj@U`@YT[d@o@j@UV_Ap@WVg@|@Sd@k@|@a@Z_@p@u@fACHEr@BXb@x@RNXX`@h@^t@\dAVpA\lCX`BTp@Z\`@Rr@NzARdAR|@Ff@Gf@@nASd@QzAGVGlB@TB~ACfAOj@OlBQb@Mf@C|AS^Cj@IfC[rHuADABDh@pP?dBBlBNvBH`FHvBNhBD`CA|AFtDBj@LzA?`@TvFAr@@h@Fj@D~@BnAHdAHl@^~Af@`BPnA@PMd@]RkAUo@SAEBSZ_@`BwA|AeAhAiAv@e@fBsA\QBFw@x@k@Z_@ZWLs@l@a@d@gA~@KBIN_@VgAr@a@`@AT|@Jj@LNCDGF]?s@q@_C]sAKk@Ac@Ii@IeBGmDIwA?kAEo@A_BB_@AeACe@Gg@Ag@Ge@GqC?aBE}A_@aIEc@IgFEa@A}AGi@AaAK_BCoCGcB@WMu@GCS@uB\MD_@?iAT]Bk@H_ARoBTwB^o@F_ABYJeBVy@Dc@EiBFkA@mDp@}@DsBCwASiA[qAO_@Sa@[_@u@g@uCScBOi@k@wAOg@IIM_@gAoB_@c@AG?Mf@{Ap@q@d@s@\c@b@k@Xi@\g@Zk@pA{AbAw@n@q@Tc@V}@Bo@N{AAm@YuB@{CFuCG}@Im@Mi@Iy@GIaBHo@Ma@USSe@o@q@o@s@C,2,,78.7,307.6,265.4
53,2,Evening Run,9660.1,2758,3474,160.1,Run,Run,7166569980,2022-05-18T23:17:35Z,2022-05-18T19:17:35Z,(GMT-05:00) America/New_York,-14400.0,,,,1,0,0,1,0,False,False,False,False,everyone,False,,"[33.792766481637955, -84.343285812065]","[33.794609159231186, -84.34344297274947]",3.503,4.704,True,171.7,185.0,False,True,7630954265,7630954265,garmin_push_8850849569,False,1,0,False,37571002,1,a7166569980,wcgmEphxaOYBsA?q@BiACe@c@_@K_@HCD}AbE[^Yb@_@rAYxAEnAMbBMfAQnAQl@Mz@e@fCMj@k@xA[lAs@rBWZGh@Qj@Gr@_@jAKj@A`@I`@Ul@IlACbBDvAPvABxAAjCMbA?hBB`@TtABb@FlC@\Ef@SdAATiA~DKn@cApCFt@u@jCc@jAUp@s@nCa@nBa@rCWfCCp@WdB@f@MjBNbDAb@Jf@n@rBV\jAx@`@N~@PlAn@bANVTNb@^RXFX`@hAdABDjA`Af@h@hAdA\`@l@d@FRFDX\X\^ZHDh@f@j@p@\f@dBrAVTl@\d@^j@jA|AhA`@\r@v@b@V|AjA`Ap@XXb@Nb@XbA|@^VZXRVXd@bCpC\\zArBRJX^XZb@Zb@T^Nd@@XHVCt@Hr@CHFHLZDXA|@N^B^Nl@Jx@ZfANRJ\DN[BiALi@Zs@jAiBNi@D_@Eq@?kBB]F[?Q?]Ec@?TOj@K~@FZ?d@Db@GX?h@ElAO\s@dA[r@MpAITGHK`@C@QAs@[yAGc@ICCc@Ic@AmA[s@K_@Eu@AkAHSOWKM?a@Ma@Uy@u@IEgAkAy@kA_@WQ[_@a@]g@_@w@QMGQe@k@UOwAs@c@Y_@_@_@QKQQM_Ae@_BqAo@Y_AaAMY[_@]KeCiB[o@eAiAIIg@QYUW[UQSWQa@Ya@e@[a@c@}@o@e@i@[c@MKYc@w@_A_CyBEG@MqAs@[K[]]OyAm@[@OMmA[aCwK@s@Cq@FyA?]HaBFq@VgBLyAVqAP{Ab@}ALk@\oAx@}Bv@mBKaBx@wBl@gBz@eDFe@EqA]{FEwAF_BCuDGm@OaC@MLg@?m@Dc@Aa@JwAPuA`@qAl@cDhAsDt@cBXmAz@wCHs@l@kDXqDD[DIDq@Hm@\kAP]FWT[hAsCPYROX@TD^TnAZp@CPE?AMCa@Do@LiAWYO[CQBYj@IH,2,,79.3,295.8,258.2
55,2,Evening Activity,0.0,308,308,0.0,WeightTraining,WeightTraining,7164865031,2022-05-17T22:18:14Z,2022-05-17T18:18:14Z,(GMT-05:00) America/New_York,-14400.0,,,,0,0,0,1,0,True,False,False,False,everyone,False,,[],[],0.0,0.0,True,122.8,146.0,False,True,7629124652,7629124652,garmin_push_8849044531,False,0,0,False,37571002,1,a7164865031,,2,,,,
56,2,Afternoon Activity,0.0,3338,3338,0.0,WeightTraining,WeightTraining,7164864690,2022-05-17T21:21:56Z,2022-05-17T17:21:56Z,(GMT-05:00) America/New_York,-14400.0,,,,0,0,0,1,0,True,False,False,False,everyone,False,,[],[],0.0,0.0,True,126.0,164.0,False,True,7629124270,7629124270,garmin_push_8849044127,False,0,0,False,37571002,1,a7164864690,,2,,,,
57,2,Night Activity,0.0,2814,2814,0.0,WeightTraining,WeightTraining,7164862302,2022-05-17T01:17:20Z,2022-05-16T21:17:20Z,(GMT-05:00) America/New_York,-14400.0,,,,0,0,0,1,0,True,False,False,False,everyone,False,,[],[],0.0,0.0,True,110.3,149.0,False,True,7629121669,7629121669,garmin_push_8849041429,False,0,0,False,37571002,1,a7164862302,,2,,,,
58,2,Lunch Run,3536.8,955,988,0.0,Run,Run,7142070449,2022-05-14T16:11:55Z,2022-05-14T12:11:55Z,(GMT-05:00) America/New_York,-14400.0,,,,0,0,0,1,0,True,False,False,False,everyone,False,,[],[],3.703,4.253,True,167.4,178.0,False,True,7604261799,7604261799,garmin_push_8822570003,False,0,0,False,37571002,1,a7142070449,,2,,79.1,,
60,2,Lunch Activity,0.0,3310,3310,0.0,WeightTraining,WeightTraining,7141949820,2022-05-14T15:12:55Z,2022-05-14T11:12:55Z,(GMT-05:00) America/New_York,-14400.0,,,,0,0,0,1,0,True,False,False,False,everyone,False,,[],[],0.0,0.0,True,121.2,152.0,False,True,7604129176,7604129176,garmin_push_8822439089,False,0,0,False,37571002,1,a7141949820,,2,,,,
61,2,Evening Activity,0.0,2721,2721,0.0,WeightTraining,WeightTraining,7133271335,2022-05-13T00:01:00Z,2022-05-12T20:01:00Z,(GMT-05:00) America/New_York,-14400.0,,,,0,0,0,1,0,True,False,False,False,everyone,False,,[],[],0.0,0.0,True,120.0,155.0,False,True,7594707542,7594707542,garmin_push_8812451444,False,0,0,False,37571002,1,a7133271335,,2,,,,
62,2,Afternoon Run,4839.5,1414,1658,32.9,Run,Run,7127522311,2022-05-11T21:45:35Z,2022-05-11T17:45:35Z,(GMT-05:00) America/New_York,-14400.0,,,,0,0,0,1,0,False,False,False,False,everyone,False,,"[37.576495707035065, -77.59009069763124]","[37.57781870663166, -77.59094716049731]",3.423,4.514,True,166.8,187.0,False,True,7588454243,7588454243,garmin_push_8805942719,False,0,0,False,37571002,1,a7127522311,adjdFbiqxM\p@r@t@^PZH`@RjBjB^X|@`ARb@^Xl@|@dBxBr@p@~@pAj@f@p@x@Zl@\dAFV?PD^Bv@Ab@JdBLt@Zt@p@|BXzBBh@J`@Ph@Fh@?r@Mp@e@dAMb@YVa@Be@EMEkAQgCk@UO{@_@UOc@Mk@]g@WeBo@uAc@_Ag@iCiAmAYu@KkAG_AU]Wy@i@G[Hg@Va@d@aBfAqGJAtADRGr@Kb@@ZATFt@FfAIVDf@BxCDx@JnAEZCh@O`@Qz@}@\g@AQCEcAgAYUWa@w@eAa@_@a@y@{@_Ac@o@YSQGUk@y@_Ao@cAYYm@y@[e@o@qA[c@cByA?SuAg@}DmAg@Wg@Mm@W_@IyAi@SKc@G_@YMw@Sq@xB[VEHGR[t@aBh@wA?e@ESUY_@KE?YTq@xAg@p@c@dAIn@Hf@AFGJa@T?BVl@Nh@nBr@~Ab@|@\nA\|@d@b@J^NT`@TJRDVP@FEPWh@q@bB_@fBIZKN@DMXUK_@SUo@]o@a@Qg@JMR@BDAHIf@KXJb@VZn@FT,2,,79.2,80.9,63.2
64,2,Afternoon Activity,0.0,3086,3086,0.0,WeightTraining,WeightTraining,7121894678,2022-05-10T21:56:26Z,2022-05-10T17:56:26Z,(GMT-05:00) America/New_York,-14400.0,,,,0,0,0,1,0,True,False,False,False,everyone,False,,[],[],0.0,0.0,True,124.6,165.0,False,True,7582376090,7582376090,garmin_push_8799434204,False,0,0,False,37571002,1,a7121894678,,2,,,,
65,2,Evening Run,6449.1,1842,2572,100.8,Run,Run,7089770736,2022-05-05T00:16:17Z,2022-05-04T20:16:17Z,(GMT-05:00) America/New_York,-14400.0,,,,0,0,0,1,0,False,False,False,False,everyone,False,,"[33.79258937202394, -84.34332118369639]","[33.79277905449271, -84.34303158894181]",3.501,4.74,True,161.7,183.0,False,True,7547388191,7547388191,garmin_push_8762442652,False,0,0,False,37571002,1,a7089770736,sbgmExhxaOIGEAw@Hg@?[F]@_@A]Ge@Me@Y[Ea@d@KDe@rAWFGJQv@Wd@a@`AAb@IEEUKIEA}AL}@EmAb@gAF_@Ma@U_@[e@w@KIE?k@LsAr@c@N_@F]Rg@Ni@Jc@VAHFVD\XbANhAR~@@`@Pn@|@lFp@hAtA`Bz@vAt@t@`@T^PVPHTa@zB[fAO|@Oh@Kl@Ex@A`AGr@Bn@ChAHf@HlBE|B?^Dx@?hAEf@@N@|@Ft@RbG[z@Oz@w@~BS`ASr@iA~C[t@Qr@cA`Da@x@Br@J`@A`@Mf@U|AEr@_@bBSjBGvB@b@If@AvAFpCB\Pv@f@dBPXz@~@PFlBd@nAd@r@Pl@r@PJ^Jh@x@fBvAr@z@|BxBbAz@KLg@]c@i@aA{@cCkCiA_ASU@Kc@[{@]][m@YsAc@a@KaA[eA}@]g@Ym@YoAMo@Co@@e@?{AAe@?g@Jk@A]@}AV}BBe@Ji@Bc@Ji@XcCLw@t@uCXqAdAmCb@y@E_BNw@h@mAf@iBz@{BNq@Ai@YqC?m@QyABqAAqAJ_BKwAEcBEg@Bk@?qELkAb@aCPg@Fe@\{ABa@p@wBZy@hCwJb@eCZ_DDo@@w@Jy@Po@Fq@FOVGBGfAsBn@{A^w@PBTIVLb@^f@DRFh@If@?d@Mb@W~@}@m@t@,2,,79.8,286.5,258.2
67,2,Evening Run,9663.1,2891,3012,48.6,Run,Run,7062014562,2022-04-29T23:37:56Z,2022-04-29T19:37:56Z,(GMT-05:00) America/New_York,-14400.0,,,,2,0,0,1,0,False,False,False,False,everyone,False,,"[33.78262965939939, -84.3801474943757]","[33.78417561762035, -84.3783104326576]",3.342,4.197,True,166.7,174.0,False,True,7517233955,7517233955,garmin_push_8730503127,False,0,0,False,37571002,1,a7062014562,kdemE|n_bOMAECs@k@MYm@m@cBmA[[{@[EOCe@F_@AMHi@Nk@\g@j@eANg@Z{@@i@G{ADqAAaAG{@BgADg@^mA\{@l@iBfAmB@c@Oy@FIXExACVUAa@i@_DB}@VuAAoATe@Pg@EcBDq@AKUc@La@P[d@UvAaATSd@[bA}@bBgAf@k@^YrCyAXUpBq@z@QfBg@t@KxA_@`Cg@|AOz@Qf@Gt@ApBa@bAE`@Mf@Gd@SjAW^MZCZ?f@Eh@MtAi@TCVFRGTUb@Sb@Od@If@Yf@SlAcAl@[\[X[r@g@lAmA~BqBzA}AbAaAv@}@p@g@lAi@b@Ql@[bA[PCv@@rAIn@@|BVd@A`@NRLhATd@Lj@b@l@\jAbAb@d@Tp@l@h@l@|@PLJRVVp@~@Vf@X^x@zAhA|Al@p@dAz@bB`AhAd@dBh@[?g@GaDqAMEUYg@]_@UOU{AcBW]g@y@CMU[Oc@s@_Aq@m@Oc@c@e@m@cAcA}@i@{@m@g@c@Ma@QaAq@i@UiA]eASk@Cc@GYBAFKDk@E_@@e@Cq@@{@RkA`@gAf@qAx@]Xs@t@Sb@o@x@oBjBc@v@WTe@N_AlAe@TaAl@_@`@gAh@QDsAz@a@POL_@RsA`@_Az@a@Va@Fi@MuAPk@As@L}@Bg@H{CZe@HwALgANkAZsATkAZeAJ]Lc@Hu@Di@RoAXs@Te@TmA\i@\{@n@a@RsAdAIBi@d@YN[^Yb@_@ZIJWP_@Zq@Z_@^G\?h@F~@?bBOh@a@Ve@Cg@Qc@AK@[PU`@k@dCWd@WXe@Fe@@e@Uq@e@c@Mg@FC@o@t@Q`@Gl@AbAJr@j@dAVNfA\d@?hACz@B^Aj@O^S^INXDb@GJIFq@RuBh@{BZg@LaAIe@Oa@_@c@cBQe@Mk@Yq@]Yq@Ik@Fs@NQH]XMhAKd@KrABl@BNXn@t@xANNb@X\b@r@tA\RnB~@TNXZTf@Hl@?PP|@?rAHh@Tl@Rt@XT^@ZOV]?AIDkA`CQp@,2,,79.8,303.8,264.0
69,2,Evening Activity,0.0,2628,2628,0.0,WeightTraining,WeightTraining,7061853819,2022-04-29T22:37:42Z,2022-04-29T18:37:42Z,(GMT-05:00) America/New_York,-14400.0,,,,0,0,0,1,0,True,False,False,False,everyone,False,,[],[],0.0,0.0,True,114.8,157.0,False,True,7517060801,7517060801,garmin_push_8730336018,False,0,0,False,37571002,1,a7061853819,,2,,,,
70,2,Evening Run,6441.5,1851,2057,44.0,Run,Run,7052130320,2022-04-27T23:31:00Z,2022-04-27T19:31:00Z,(GMT-05:00) America/New_York,-14400.0,,,,1,0,0,1,0,False,False,False,False,everyone,False,,"[33.78253444097936, -84.3800060916692]","[33.78278698772192, -84.38013726845384]",3.48,4.8,True,169.1,182.0,False,True,7506538252,7506538252,garmin_push_8719014002,False,1,0,False,37571002,1,a7052130320,ycemE`n_bOEPMLKAcAk@WYs@o@[c@y@e@QOi@]U_@@uADm@ZsAZi@`@_@RYJq@D_BCmBG{@@yAB{@Ja@FaA\}AL_@NQRg@J_@\e@\_@Pg@Ba@Wa@AMBEXO\Il@DTA\Q@KWoAQcAEcAFi@Ns@AiBl@eAEoA?qAK]?OBYBEh@k@`@]n@a@Ve@lCmBz@g@^e@b@S|@s@~DgBpBg@d@Q~Bi@r@Ih@M~Bc@b@Cl@Q|AWR?b@CnB]b@EpBWn@Mx@IpAYnASfA]n@Od@U`AQ^Ob@Ud@_@l@]ZKbAu@XMn@c@s@p@]T]\gAt@o@Tw@b@IHgAb@q@R]Pg@RkAVqBZU@WFmAJc@?sAZg@Cs@FeALeATs@FsARcAPg@Fk@L[L_C^oA\k@He@Js@TaBt@iC`BcB|@c@^a@Ti@f@U^c@b@y@n@[RkAx@IJ?ZRdB?lAGl@[`@Kf@Hl@Cn@Sp@Kn@@j@Ln@Rr@Jn@?LMZ[Jg@?MAe@FOPNbA{@jAo@lAg@jAEj@Kj@O^IXCdEBl@Aj@Dt@CdBMx@Sb@[\[NE?c@EYe@gAe@]Ci@a@GA_B`@k@Bs@?m@Q]EpBH|C]TGn@j@l@Ph@l@Rf@DV?n@G|A@v@Jb@^Rf@Pp@l@fAt@\d@Fh@O|@Af@Fn@CXU`@@PZj@F`ADRCGJi@Aa@Ge@]qAHOAiBFWFEr@T,2,,79.9,288.5,265.8
72,2,Evening Activity,0.0,365,365,0.0,WeightTraining,WeightTraining,7036363800,2022-04-24T23:33:48Z,2022-04-24T19:33:48Z,(GMT-05:00) America/New_York,-14400.0,,,,0,0,0,1,0,True,False,False,False,everyone,False,,[],[],0.0,0.0,True,127.6,146.0,False,True,7489512952,7489512952,garmin_push_8700813176,False,0,0,False,37571002,1,a7036363800,,2,,,,
73,2,Evening Activity,0.0,3187,3187,0.0,WeightTraining,WeightTraining,7036345803,2022-04-24T22:40:06Z,2022-04-24T18:40:06Z,(GMT-05:00) America/New_York,-14400.0,,,,0,0,0,1,0,True,False,False,False,everyone,False,,[],[],0.0,0.0,True,113.7,159.0,False,True,7489493170,7489493170,garmin_push_8700794459,False,0,0,False,37571002,1,a7036345803,,2,,,,
74,2,Lunch Run,4394.3,1280,1737,47.6,Run,Run,7035100224,2022-04-24T16:31:40Z,2022-04-24T12:31:40Z,(GMT-05:00) America/New_York,-14400.0,,,,5,0,0,1,0,False,False,False,False,everyone,False,,"[33.78010553307831, -84.36916770413518]","[33.78022556193173, -84.3690678756684]",3.433,4.804,True,161.6,179.0,False,True,7488110056,7488110056,garmin_push_8699483233,False,0,0,False,37571002,1,a7035100224,stdmEhj}aO{@S]Oi@i@e@q@O[c@}A]gBQk@_@oCE_BEm@By@Gc@GeAE_CEo@@[Ga@@SCe@BwAKwAAs@@gAKy@KuACuA?w@M{@@c@KiBEmAKk@F}BO{DB_@Ge@G_COyCGiE@WkADc@Li@@mBZw@Hk@NeBRm@Nk@FaAPc@Fg@RuANwAFg@@c@Cc@F{@@\EhCEhAQxAObAYlBUx@QxAEb@IrAM`@MZCb@Ib@ChAOb@C~@Wz@_@XIlEcA_DdA_APg@V[Hc@RIR?DD\@hA?`BLz@P|EH~@Cf@LnD?j@TrF@fALjB?x@B\FnDF`@?|BHpBCrAB|ALhCBZVzGPtALh@Tl@Pt@`@~@Fb@`@pAXVP^z@JVJ,2,,80.1,307.2,268.4
76,2,Night Activity,0.0,2293,2293,0.0,WeightTraining,WeightTraining,7025570460,2022-04-23T03:12:21Z,2022-04-22T23:12:21Z,(GMT-05:00) America/New_York,-14400.0,,,,0,0,0,1,0,True,False,False,False,everyone,False,,[],[],0.0,0.0,True,122.9,152.0,False,True,7477722248,7477722248,garmin_push_8688769750,False,0,0,False,37571002,1,a7025570460,,2,,,,
77,2,Night Run,1887.0,505,505,0.0,Run,Run,7025570227,2022-04-23T02:53:08Z,2022-04-22T22:53:08Z,(GMT-05:00) America/New_York,-14400.0,,,,0,0,0,1,0,True,False,False,False,everyone,False,,[],[],3.737,3.934,True,161.1,178.0,False,True,7477721954,7477721954,garmin_push_8688769412,False,0,0,False,37571002,1,a7025570227,,2,,80.8,,
79,2,Evening Run,8055.1,2363,2758,63.6,Run,Run,7020285302,2022-04-21T22:07:31Z,2022-04-21T18:07:31Z,(GMT-05:00) America/New_York,-14400.0,,,,2,0,0,1,0,False,False,False,False,everyone,False,,"[33.78250585868955, -84.38015956431627]","[33.78299561329186, -84.37988229095936]",3.409,4.706,True,169.0,183.0,False,True,7471985971,7471985971,garmin_push_8682652873,False,2,0,False,37571002,1,a7020285302,scemE~n_bOxAXF?XDAqADeAK[?EPaB?UBUNi@?a@E_BEcAEkCKaBBkBFsAC_@?wE@o@A}CC{@DoDI}B@{AFqBAy@Bu@CkB@i@EWWQHYTWh@e@x@k@RWp@c@j@q@zAmATWPMNGn@_@xAcAdA_@vAo@jCk@v@W^Ch@AvAe@hCm@pBWd@Kh@Cl@QvAGzAMj@MhBWf@CVDRF^GXFVC`@QVQFGLE^CRHXHFAPNN?zAeBJ[^_@lAs@|@{@`@]pA{@rBkBx@cA|AqA|@eAzCqCjA{@t@_@f@Kf@S\G`CYlAJ\N`BAh@Ld@Dr@V\D^N^V\Jh@X~@v@v@f@Z\d@\b@d@Zf@N\PXXXXj@zAfBNh@pAlBZZ^Xb@f@^XjBjAZLaBe@gAi@iAgAIMYUe@k@y@uAu@_AU_@Q]e@oAOYKCKe@Y_@c@e@o@c@}@aAsAq@m@_@c@S_@[_@OyBm@_ASqBHmAAs@No@J}@Vo@XSDc@VqApA_@Ze@V_@ZaCfCy@dAc@ZSF}AxBm@TcA|@a@Re@\KBe@Z_@RKDi@H]ZmAVUHe@d@iAl@g@?e@Bo@Ra@@kAReAAs@Ds@@oAJ}B\k@B}Bf@a@FkA^c@Hg@Da@Ja@RMA]@e@Fi@P{@Jg@Nq@^y@Re@R_@Rg@d@a@Tg@T_CbBeAdAY`@MVaBh@yAlAVrADn@A~GDv@E~A?dBJ|CA\Gd@BtHD~CCd@E|ABjACV?l@F|AC^@`AER?d@K|A?\Nl@B^CvAHbAA`@A\Id@OAe@Dg@Ea@I_Bs@IS,2,,79.6,303.2,265.7
81,2,Evening Run,4298.2,1278,1342,43.0,Run,Run,7015104231,2022-04-20T23:10:17Z,2022-04-20T19:10:17Z,(GMT-05:00) America/New_York,-14400.0,,,,0,0,0,1,0,False,False,False,False,everyone,False,,"[33.78260585479438, -84.38023424707353]","[33.78247434273362, -84.38020080327988]",3.363,4.973,True,171.3,180.0,False,True,7466386273,7466386273,garmin_push_8676807218,False,0,0,False,37571002,1,a7015104231,gdemEno_bOTBl@@ZHPNTHD?FIFQNaBJs@?g@BYAe@Do@Gy@]yACcACk@?o@CuED_EIm@C{AByD?qBDaBC}AByAAoC@{ECu@BmBASKc@@WN_@\_@d@Yz@a@l@Sh@aARUzCaChAi@pAy@h@UpA[`@S~C_A\O`BYt@UlC]lCe@f@C`C]pAMLEQHYF_BJy@LyBRc@Lu@FgAP{Bb@]JoAVm@Tw@LcAVc@Ny@f@eAd@k@\iCtAiDtCUZ_An@mAl@IH[`@P^?H?ZKpA?n@D`@An@@vGE~ABdBJ~AGtC@tCBb@IlDDtEEp@Dx@Cx@Bf@C~@H`AA^Dr@DTDHDh@IX@r@AbC?jAGF_ASk@Fc@K,2,,79.5,288.6,265.7
83,2,Evening Activity,0.0,1883,1883,0.0,WeightTraining,WeightTraining,7015102952,2022-04-20T22:26:39Z,2022-04-20T18:26:39Z,(GMT-05:00) America/New_York,-14400.0,,,,0,0,0,1,0,True,False,False,False,everyone,False,,[],[],0.0,0.0,True,118.0,161.0,False,True,7466384974,7466384974,garmin_push_8676806015,False,0,0,False,37571002,1,a7015102952,,2,,,,
84,2,Night Activity,0.0,369,369,0.0,WeightTraining,WeightTraining,7010349566,2022-04-20T03:40:26Z,2022-04-19T23:40:26Z,(GMT-05:00) America/New_York,-14400.0,,,,0,0,0,1,0,True,False,False,False,everyone,False,,[],[],0.0,0.0,True,138.5,149.0,False,True,7461263321,7461263321,garmin_push_8671210872,False,0,0,False,37571002,1,a7010349566,,2,,,,
85,2,Night Activity,0.0,2965,2965,0.0,WeightTraining,WeightTraining,7010340321,2022-04-20T02:50:22Z,2022-04-19T22:50:22Z,(GMT-05:00) America/New_York,-14400.0,,,,0,0,0,1,0,True,False,False,False,everyone,False,,[],[],0.0,0.0,True,131.1,163.0,False,True,7461253090,7461253090,garmin_push_8671199176,False,0,0,False,37571002,1,a7010340321,,2,,,,
86,2,Night Activity,0.0,3254,3254,0.0,WeightTraining,WeightTraining,6994137198,2022-04-17T02:10:38Z,2022-04-16T22:10:38Z,(GMT-05:00) America/New_York,-14400.0,,,,0,0,0,1,0,True,False,False,False,everyone,False,,[],[],0.0,0.0,True,123.0,156.0,False,True,7443605782,7443605782,garmin_push_8652671105,False,0,0,False,37571002,1,a6994137198,,2,,,,
87,2,Evening Run,8861.0,2513,2699,65.4,Run,Run,6982957113,2022-04-14T22:33:39Z,2022-04-14T18:33:39Z,(GMT-05:00) America/New_York,-14400.0,,,,5,0,0,1,0,False,False,False,False,everyone,False,,"[33.782644495368004, -84.37987348996103]","[33.78424887545407, -84.37788211740553]",3.526,5.128,True,168.9,179.0,False,True,7431453188,7431453188,garmin_push_8640177656,False,0,0,False,37571002,1,a6982957113,odemEfm_bOCNEFE@e@QW_@]]Ye@_@UUW]a@a@S{@i@GW?{@DILu@Pg@Tc@l@_ATc@Pu@?i@Cs@BkACi@De@@u@EkA\eDJg@Tg@`AkB`@o@^i@Sg@Ki@@EJGzAF^WB[Gw@So@MuAJeALc@Dm@?i@Ho@Xe@BO?m@A[AgAASOk@BMPYrA}@f@Y?CCCLOx@i@bBcBv@e@v@i@h@S`@[nBcAxBw@d@MlAU\Mb@CfBg@xAUf@M~BWr@Q~B]dBUdBKnAU|AH~@I`@OLAzAJn@Xb@Dd@m@p@k@Vy@\g@`BaBb@Uh@i@t@g@Z[^c@l@i@LEVg@\c@nB{A`AgAh@a@Z[b@k@f@g@t@c@fAe@lAa@jAWrBGd@@PDFXlCUZTh@L`@N~AXp@ZXRx@v@j@V`@\rAzARXFPBB@HhAfAVd@|@lAj@`At@~AJNd@ZbB|AfAr@bDrAtATkEgAgA_@{@m@qBaB_@c@}@sAKG_AaB_@g@_@w@o@gAWYc@}@YY{@o@_@a@eAo@s@i@_Bo@m@Q{@]c@KmAUe@CoCDuB^e@LkAv@q@NYRQ`@]^e@N_A~@INiB~AyAhBg@Zg@f@g@p@c@Pc@Zc@b@y@p@u@`@IJ_@Xu@VcBJs@v@_@Te@`@c@Ny@EcAZe@Jm@HO?g@Eo@@q@J_DRwAR]Ha@Rk@Ac@Hc@No@Le@DsAR[N]Zs@Ck@F_Cr@k@TcATq@VsBxAqAz@gAx@eAhAYd@ONa@VM@m@XaAt@Dn@EzIF`A@n@C\E`DBrBFbAA\@`AE~A?fBDZCd@@lBAfBBlEAbABn@C`BDh@@h@Jd@Dl@Cf@?lAOnAGzAEd@WFe@?c@WwA_@{AcAWYe@q@_Ak@c@_@y@YCGAiAFm@Lo@,2,,80.1,304.2,265.7
89,2,Night Activity,0.0,371,371,0.0,WeightTraining,WeightTraining,6978180303,2022-04-14T01:12:01Z,2022-04-13T21:12:01Z,(GMT-05:00) America/New_York,-14400.0,,,,0,0,0,1,0,True,False,False,False,everyone,False,,[],[],0.0,0.0,True,132.6,143.0,False,True,7426274944,7426274944,garmin_push_8634720471,False,0,0,False,37571002,1,a6978180303,,2,,,,
90,2,Evening Activity,0.0,2629,2629,0.0,WeightTraining,WeightTraining,6978165589,2022-04-14T00:27:52Z,2022-04-13T20:27:52Z,(GMT-05:00) America/New_York,-14400.0,,,,0,0,0,1,0,True,False,False,False,everyone,False,,[],[],0.0,0.0,True,141.0,161.0,False,True,7426259019,7426259019,garmin_push_8634706531,False,0,0,False,37571002,1,a6978165589,,2,,,,
91,2,Afternoon Run,5033.8,1502,1773,31.7,Run,Run,6977601279,2022-04-13T21:28:44Z,2022-04-13T17:28:44Z,(GMT-05:00) America/New_York,-14400.0,,,,0,0,0,1,0,False,False,False,False,everyone,False,,"[33.782728146761656, -84.37246640212834]","[33.78292319364846, -84.3800184968859]",3.351,4.259,True,164.4,180.0,False,True,7425655222,7425655222,garmin_push_8634150866,False,0,0,False,37571002,1,a6977601279,_eemE|~}aORh@VP`@K|AM@CAsAQcJ?o@Fs@@cA?_BEq@DY?_@@ER[`@Ur@q@PSLa@d@Kf@_@`B_A^W`A}@h@Y|CwBf@QvCs@rAS`Co@pAQx@QvASjAUdAIzASsAHaAVwDj@qFlAq@FgEdAc@ZiA`@ULcBlAq@ZiAz@[^w@l@{@v@Gn@EB[Ha@Rg@PIDUVNPGZMbDBxGCpCUl@@\Kj@_@Li@Cm@?EBGH?JTx@CJuAhBa@z@c@jAc@lBBr@Et@Bv@GxADn@DtBCh@O|@Sh@g@l@[XWKa@gAYk@MiAADDPp@lBLt@EtENt@d@Pr@Lb@d@THx@f@X^Rf@,2,,79.3,281.3,265.7
93,2,Night Activity,0.0,999,999,0.0,WeightTraining,WeightTraining,6967915700,2022-04-12T03:17:09Z,2022-04-11T23:17:09Z,(GMT-05:00) America/New_York,-14400.0,,,,0,0,0,1,0,True,False,False,False,everyone,False,,[],[],0.0,0.0,True,105.2,136.0,False,True,7415172293,7415172293,garmin_push_8622794505,False,0,0,False,37571002,1,a6967915700,,2,,,,
96,2,Night Run,3594.1,1113,1162,0.0,Run,Run,6938328651,2022-04-06T03:37:08Z,2022-04-05T23:37:08Z,(GMT-05:00) America/New_York,-14400.0,,,,0,0,0,1,0,True,False,False,False,everyone,False,,[],[],3.229,3.68,True,152.1,169.0,False,True,7383151312,7383151312,garmin_push_8588806831,False,0,0,False,37571002,1,a6938328651,,2,,77.8,,
97,2,Evening Activity,0.0,308,308,0.0,WeightTraining,WeightTraining,6932702476,2022-04-05T00:09:58Z,2022-04-04T20:09:58Z,(GMT-05:00) America/New_York,-14400.0,,,,0,0,0,1,0,True,False,False,False,everyone,False,,[],[],0.0,0.0,True,121.8,136.0,False,True,7377120882,7377120882,garmin_push_8582395577,False,0,0,False,37571002,1,a6932702476,,2,,,,
98,2,Evening Activity,0.0,2627,2627,0.0,WeightTraining,WeightTraining,6932662071,2022-04-04T23:22:17Z,2022-04-04T19:22:17Z,(GMT-05:00) America/New_York,-14400.0,,,,0,0,0,1,0,True,False,False,False,everyone,False,,[],[],0.0,0.0,True,124.1,153.0,False,True,7377077564,7377077564,garmin_push_8582354671,False,0,0,False,37571002,1,a6932662071,,2,,,,
99,2,Evening Run,4832.6,1478,1512,19.4,Run,Run,6928266914,2022-04-03T23:10:29Z,2022-04-03T19:10:29Z,(GMT-05:00) America/New_York,-14400.0,,,,0,0,0,1,0,False,False,False,False,everyone,False,,"[33.78269704990089, -84.3798850569874]","[33.78420319408178, -84.37816576100886]",3.27,4.658,True,171.2,180.0,False,True,7372320780,7372320780,garmin_push_8577107439,False,0,0,False,37571002,1,a6928266914,ydemEhm_bO[Mc@c@k@W]o@i@OQI_@_@y@i@]IE_@JiBPw@Vc@^k@XUNSRk@B_@CgBHsEEi@?k@LwALi@Lu@h@wAhAsBPg@?YOa@@KFKZKdAH^OBGI{@W_BEw@^oBBUCa@S]Yc@IG]Ig@Bo@d@KZMx@YlAS`@a@Xm@Dc@KmAu@a@Gc@HIDy@p@IHGtAD`ALj@R^\^`@Th@Np@Jn@IbCAj@U|@s@^EXHj@ETS@a@Ok@Uo@I_A@q@\oADm@Ks@[e@m@Gc@Fg@VSZQ`@a@pBWX_@RSDg@A]Qs@c@g@Ge@J[ZYNYh@Ej@Dj@Hh@R|@l@x@^Rb@JnAQf@AnADh@IRI\SPBRZHf@]|@]\k@dAq@rBWjAElABrDElAIj@D~AKb@QT_AlBORIBWk@_@k@SSoAo@OYBc@Ra@J]Fe@@o@Cs@Q_@_@c@k@Y]Ki@Gm@OsAQoBc@c@?i@Fc@RSRWf@Oj@A`@Bv@Ph@Xb@d@d@d@Zh@Vb@N|Cl@b@@p@Gd@K\O`@W`@m@Nm@Bc@E@?DAXKj@Yd@G\@FTRb@P`@Vh@d@JLPp@?`@Kh@,2,,78.8,281.6,264.0
100,2,Evening Activity,0.0,1942,1942,0.0,WeightTraining,WeightTraining,6928139188,2022-04-03T22:28:38Z,2022-04-03T18:28:38Z,(GMT-05:00) America/New_York,-14400.0,,,,0,0,0,1,0,True,False,False,False,everyone,False,,[],[],0.0,0.0,True,115.9,146.0,False,True,7372181053,7372181053,garmin_push_8576974376,False,0,0,False,37571002,1,a6928139188,,2,,,,
102,2,Evening Activity,0.0,496,496,0.0,WeightTraining,WeightTraining,6922422383,2022-04-02T22:21:08Z,2022-04-02T18:21:08Z,(GMT-05:00) America/New_York,-14400.0,,,,0,0,0,1,0,True,False,False,False,everyone,False,,[],[],0.0,0.0,True,129.3,146.0,False,True,7365951554,7365951554,garmin_push_8570582454,False,0,0,False,37571002,1,a6922422383,,2,,,,
103,2,Afternoon Activity,0.0,1947,1947,0.0,WeightTraining,WeightTraining,6922395113,2022-04-02T21:47:58Z,2022-04-02T17:47:58Z,(GMT-05:00) America/New_York,-14400.0,,,,0,0,0,1,0,True,False,False,False,everyone,False,,[],[],0.0,0.0,True,123.7,158.0,False,True,7365921537,7365921537,garmin_push_8570553205,False,0,0,False,37571002,1,a6922395113,,2,,,,
104,2,Night Activity,0.0,2539,2539,0.0,WeightTraining,WeightTraining,6918011296,2022-04-02T02:14:25Z,2022-04-01T22:14:25Z,(GMT-05:00) America/New_York,-14400.0,,,,0,0,0,1,0,True,False,False,False,everyone,False,,[],[],0.0,0.0,True,132.3,162.0,False,True,7361127773,7361127773,garmin_push_8565523899,False,0,0,False,37571002,1,a6918011296,,2,,,,
106,2,Night Activity,0.0,3965,3965,0.0,WeightTraining,WeightTraining,6914025621,2022-04-01T01:24:39Z,2022-03-31T21:24:39Z,(GMT-05:00) America/New_York,-14400.0,,,,0,0,0,1,0,True,False,False,False,everyone,False,,[],[],0.0,0.0,True,110.3,154.0,False,True,7356799232,7356799232,garmin_push_8560780231,False,0,0,False,37571002,1,a6914025621,,2,,,,
107,2,Afternoon Run,8054.6,2381,2777,47.9,Run,Run,6908917963,2022-03-30T21:53:28Z,2022-03-30T17:53:28Z,(GMT-05:00) America/New_York,-14400.0,,,,3,0,0,1,0,False,False,False,False,everyone,False,,"[33.78265614621341, -84.38004666008055]","[33.784188106656075, -84.37820054590702]",3.383,4.901,True,169.1,179.0,False,True,7351279168,7351279168,garmin_push_8554963977,False,0,0,False,37571002,1,a6908917963,qdemEhn_bOGK_@SQUGe@OMMWWSM]MKq@c@CKi@SMACCSw@KWFa@Eq@@GN[J[hAwADIHc@IkC?mBGcABcAFs@F]Ro@j@oAB[TcA^mAL[f@u@Qu@BMPM|@@p@GROOuAi@_BEUFc@d@oAF_@Kk@S]YWg@MI?_@La@TGJw@~C_@^a@RSDi@Ac@Uq@i@]Ac@Fc@\[`@MXMl@@z@@L`@nAZb@VTb@Jd@DzCUF@PFd@CrAu@`@Ch@BXA\OD[McAc@yAEg@@ON}@Rm@@[Gi@FWh@eA@OC[CsAC_@FYAODg@NYt@k@x@e@|@}@d@Yp@s@r@k@r@[p@k@dAc@d@[lAs@lD}@f@K`@On@GR?~Bi@|Du@j@IV?b@Gl@QlAQt@CbAKpAY`BU`AUZCdAUHGXGh@@ZAfAK`D}BTSZ_@@Gl@a@^Y`Ag@v@i@FUlA{@p@s@r@eA`@SlAmAZc@^a@HGv@y@~A_AhAc@pA_@b@GfAEbADTLtCEBDh@Dj@JnA^`@JRB`@Pd@Zq@Mm@_@eA[oASsAY_C@_@Eg@BIAw@DuExAUJeAz@c@b@_@d@o@h@Y^aAdAaA|@]f@c@b@i@\uArAa@RiAp@aAt@gAr@}@`@GFcA`@sAv@gA\sAJaD^W?sBNo@BcBVyBToAXwAL_Dp@m@T_@Fc@DuA^_BXmAj@kAb@sBpAo@Xs@h@{@p@_AdAa@^{A|@a@\WXAn@k@rFaAK_@?YF]ZUd@c@dBIPYV_@Pk@B[G_Ao@c@Ie@H_@ZY`@Uj@If@@j@Jv@Rh@v@x@pAfCh@Gh@A^HZXVf@Bt@Cf@Y|AQvCHhBApEKx@Sf@u@jAUb@Un@AX,2,,80.0,296.7,264.0
109,2,Evening Run,5176.9,1490,1730,17.8,Run,Run,6904132965,2022-03-29T22:40:35Z,2022-03-29T18:40:35Z,(GMT-05:00) America/New_York,-14400.0,,,,9,0,0,1,0,False,False,False,False,everyone,False,,"[33.782752035185695, -84.38001380302012]","[33.78307071514428, -84.379936857149]",3.474,4.505,True,173.4,186.0,False,True,7346085449,7346085449,garmin_push_8549402791,False,1,0,False,37571002,1,a6904132965,eeemEbn_bO]M{@o@Se@Ya@[OWSg@WSSWCQIUe@Bi@Ps@LsAdBeCJoA@e@Ik@A]D{@CsBBOIc@KiB\w@HgAFMv@oADUNKTY\[Va@JYCYYe@?OBELEb@C^@f@F\QA]Km@WcAKeBDe@Tq@Dk@K_@Se@IIc@Ke@?c@Na@d@On@Ix@Sj@[^i@Pi@Bc@KWUa@WMAc@A]D[Va@d@Ob@AvAFf@Lh@`@p@\RZLh@Bh@@j@C~ACf@BDA~@i@VFNf@?XCBgA`@kAP}@ViC^k@@c@I]]Yc@SkAIU]qAY_@_@[sA?wAN_@TO\SpDHt@Nf@`AhB^\p@b@T^Xl@R\`@JpAh@`@X`@d@NZPt@?j@AbABdAA\DZPd@?JC?SMa@Qa@K[SEKDK\a@Pi@Fk@Be@Ey@E[]a@u@c@c@MwASkCc@g@Ga@Ie@@e@Hs@^Ud@Qp@Al@Bp@DTP^TZXVz@h@z@^xANrBXd@?p@Il@QXS\_@HKNa@RaAAUY_Ae@g@a@Ue@Oc@GyCs@g@Kk@Cu@Km@Hy@f@g@z@IRCd@@n@Ph@Vb@d@d@~@h@bA\vAZ~GZXHPLNNLTXv@@p@KlAB~@Fb@HTNNb@PjBlAf@l@Rb@,2,,80.2,281.7,264.0
111,2,Afternoon Activity,0.0,2547,2547,0.0,WeightTraining,WeightTraining,6904131870,2022-03-29T21:53:13Z,2022-03-29T17:53:13Z,(GMT-05:00) America/New_York,-14400.0,,,,0,0,0,1,0,True,False,False,False,everyone,False,,[],[],0.0,0.0,True,124.0,158.0,False,True,7346084277,7346084277,garmin_push_8549401741,False,0,0,False,37571002,1,a6904131870,,2,,,,
112,2,Night Activity,0.0,2196,2196,0.0,WeightTraining,WeightTraining,6899839883,2022-03-29T01:59:37Z,2022-03-28T21:59:37Z,(GMT-05:00) America/New_York,-14400.0,,,,0,0,0,1,0,True,False,False,False,everyone,False,,[],[],0.0,0.0,True,118.0,150.0,False,True,7341447658,7341447658,garmin_push_8544418960,False,0,0,False,37571002,1,a6899839883,,2,,,,
113,2,Afternoon Run,9843.4,2572,2700,0.0,Run,Run,6893669695,2022-03-27T20:02:39Z,2022-03-27T16:02:39Z,(GMT-05:00) America/New_York,-14400.0,,,,0,0,0,1,0,True,False,False,False,everyone,False,,[],[],3.827,4.182,True,165.0,185.0,False,True,7334681016,7334681016,garmin_push_8537196978,False,0,0,False,37571002,1,a6893669695,,2,,79.8,,
115,2,Lunch Run,2404.0,757,1611,39.6,Run,Run,6886781557,2022-03-26T16:29:08Z,2022-03-26T12:29:08Z,(GMT-05:00) America/New_York,-14400.0,,,,0,0,0,1,0,False,False,False,False,everyone,False,,"[33.76947493292391, -84.39225750043988]","[33.77072316594422, -84.39378258772194]",3.176,5.223,True,153.0,172.0,False,True,7327117297,7327117297,garmin_push_8529154988,False,0,0,False,37571002,1,a6886781557,erbmErzabO^IdAGL?^GnA]xAKDBF\IbBAfJHJTLp@?`@H\EV@l@Cf@DXC^Fr@EjAF[@i@J}ABc@EgAHq@GkACmAJICiA@]G[AUPCDGhABh@At@uBaTy@@WF_@@_@?KBUBKJDt@An@b@LZPH^HRDX?NuFz@XMg@IIDCF?LJlD?j@GvAF`AGd@RDhBFpD?h@AtB]APGFM@wAFw@JkAKm@AmA@}@He@VGAKSK}@LaADq@FUHm@JmACcAGi@@[DEt@ATDPPROCDB@,2,,80.1,304.6,283.7
117,2,Evening Activity,0.0,2854,2854,0.0,WeightTraining,WeightTraining,6882748586,2022-03-26T00:11:43Z,2022-03-25T20:11:43Z,(GMT-05:00) America/New_York,-14400.0,,,,0,0,0,1,0,True,False,False,False,everyone,False,,[],[],0.0,0.0,True,135.3,175.0,False,True,7322737476,7322737476,garmin_push_8524665593,False,0,0,False,37571002,1,a6882748586,,2,,,,
118,2,Night Activity,0.0,3163,3163,0.0,WeightTraining,WeightTraining,6873220334,2022-03-24T02:55:20Z,2022-03-23T22:55:20Z,(GMT-05:00) America/New_York,-14400.0,,,,0,0,0,1,0,True,False,False,False,everyone,False,,[],[],0.0,0.0,True,129.5,168.0,False,True,7312429833,7312429833,garmin_push_8513652179,False,0,0,False,37571002,1,a6873220334,,2,,,,
119,2,Evening Run,4838.3,1361,1453,33.9,Run,Run,6861668495,2022-03-21T23:00:06Z,2022-03-21T19:00:06Z,(GMT-05:00) America/New_York,-14400.0,,,,10,0,0,1,0,False,False,False,False,everyone,False,,"[33.78413890488446, -84.37767952680588]","[33.78283157944679, -84.38060321845114]",3.555,4.707,True,169.2,183.0,False,True,7300025426,7300025426,garmin_push_8500659102,False,5,0,False,37571002,1,a6861668495,ymemEn__bOPIT]`@]Xi@F_@Dg@@a@GcCAwAEm@?m@JkBDa@Tq@VoAb@gA`@g@FMZYZk@?c@Q]?SXKb@?r@BXKLK@MIs@W}@OeACu@D]Vy@?k@Qc@W_@s@QQBe@Vc@j@u@nCU^WLc@HY?WIiAw@e@Em@PY\Yd@Qh@?l@Hv@Nj@T`@`Ap@d@Pt@IhAB`BKj@KTUh@]h@I\Dj@IHGBMAMg@eCEaABm@Ps@Dk@Kk@[c@c@Me@AMBe@TS^M|@YlAWb@UTi@Je@AKC_@W]_@EAc@Cc@Fg@Vm@dA?x@Dt@Rv@b@l@`@Xt@PnECd@K~@o@^QPAh@Dt@IDGGu@c@iBAg@Bk@ZmA@UAq@K_@UY]I]?c@DODc@\Gh@_@zAa@p@e@XYF[@WCWOg@c@c@Kg@HG@_@\Y`@Yx@HxARv@Zb@\T`@R`ANz@Id@AjA@^I|@a@JDOtBq@fAQf@Gb@Yn@SfAMXBz@Ap@LxACp@B`BEj@AjAGl@i@tAg@d@Y^Ud@K^CtBCd@@FjAZ|@b@XRx@bAH^EZPj@@L?fAJd@El@H\Hx@Rb@Lp@@UPcAWmBUgA,2,,81.2,286.0,264.0
121,2,Morning Run,7244.0,2083,2136,0.0,Run,Run,6854463139,2022-03-20T14:34:41Z,2022-03-20T10:34:41Z,(GMT-05:00) America/New_York,-14400.0,,,,0,0,0,1,0,True,False,False,False,everyone,False,,[],[],3.478,3.802,True,166.7,182.0,False,True,7292198823,7292198823,garmin_push_8492377203,False,0,0,False,37571002,1,a6854463139,,2,,81.1,,
123,2,Night Run,3587.2,1037,1037,0.0,Run,Run,6851349993,2022-03-20T03:23:32Z,2022-03-19T23:23:32Z,(GMT-05:00) America/New_York,-14400.0,,,,0,0,0,1,0,True,False,False,False,everyone,False,,[],[],3.459,3.784,True,173.6,183.0,False,True,7288817190,7288817190,garmin_push_8488718390,False,0,0,False,37571002,1,a6851349993,,2,,81.2,,
125,2,Night Activity,0.0,2835,2835,0.0,WeightTraining,WeightTraining,6851295446,2022-03-20T02:31:31Z,2022-03-19T22:31:31Z,(GMT-05:00) America/New_York,-14400.0,,,,0,0,0,1,0,True,False,False,False,everyone,False,,[],[],0.0,0.0,True,123.2,154.0,False,True,7288757797,7288757797,garmin_push_8488659329,False,0,0,False,37571002,1,a6851295446,,2,,,,
126,2,Night Activity,0.0,1489,1489,0.0,WeightTraining,WeightTraining,6836352758,2022-03-17T03:21:54Z,2022-03-16T23:21:54Z,(GMT-05:00) America/New_York,-14400.0,,,,0,0,0,1,0,True,False,False,False,everyone,False,,[],[],0.0,0.0,True,141.6,158.0,False,True,7272621775,7272621775,garmin_push_8471685242,False,0,0,False,37571002,1,a6836352758,,2,,,,
127,2,Night Run,3599.5,1052,1052,0.0,Run,Run,6836318376,2022-03-17T03:01:00Z,2022-03-16T23:01:00Z,(GMT-05:00) America/New_York,-14400.0,,,,0,0,0,1,0,True,False,False,False,everyone,False,,[],[],3.422,3.599,True,156.5,176.0,False,True,7272584808,7272584808,garmin_push_8471646233,False,0,0,False,37571002,1,a6836318376,,2,,79.3,,
129,2,Night Activity,0.0,368,368,0.0,WeightTraining,WeightTraining,6825683619,2022-03-15T01:52:59Z,2022-03-14T21:52:59Z,(GMT-05:00) America/New_York,-14400.0,,,,0,0,0,1,0,True,False,False,False,everyone,False,,[],[],0.0,0.0,True,134.3,145.0,False,True,7261187974,7261187974,garmin_push_8459413012,False,0,0,False,37571002,1,a6825683619,,2,,,,
130,2,Night Run,7341.4,2121,2357,0.0,Run,Run,6825663812,2022-03-15T01:09:31Z,2022-03-14T21:09:31Z,(GMT-05:00) America/New_York,-14400.0,,,,0,0,0,1,0,True,False,False,False,everyone,False,,[],[],3.461,3.718,True,159.8,184.0,False,True,7261167069,7261167069,garmin_push_8459394649,False,0,0,False,37571002,1,a6825663812,,2,,80.3,,
131,2,Night Activity,0.0,3222,3222,0.0,WeightTraining,WeightTraining,6820971801,2022-03-14T02:08:34Z,2022-03-13T22:08:34Z,(GMT-05:00) America/New_York,-14400.0,,,,0,0,0,1,0,True,False,False,False,everyone,False,,[],[],0.0,0.0,True,120.0,150.0,False,True,7256126272,7256126272,garmin_push_8453795697,False,0,0,False,37571002,1,a6820971801,,2,,,,
132,2,Morning Run,5529.0,1598,1598,0.0,Run,Run,6818447718,2022-03-13T14:49:22Z,2022-03-13T10:49:22Z,(GMT-05:00) America/New_York,-14400.0,,,,0,0,0,1,0,True,False,False,False,everyone,False,,[],[],3.46,3.823,True,159.9,174.0,False,True,7253378429,7253378429,garmin_push_8450945858,False,0,0,False,37571002,1,a6818447718,,2,,80.3,,
134,2,Lunch Activity,0.0,2018,2018,0.0,WeightTraining,WeightTraining,6815042427,2022-03-12T17:36:57Z,2022-03-12T12:36:57Z,(GMT-05:00) America/New_York,-18000.0,,,,0,0,0,1,0,True,False,False,False,everyone,False,,[],[],0.0,0.0,True,143.6,163.0,False,True,7249685477,7249685477,garmin_push_8446968870,False,0,0,False,37571002,1,a6815042427,,2,,,,
135,2,Lunch Run,3715.4,1075,1075,0.0,Run,Run,6813576993,2022-03-12T17:16:05Z,2022-03-12T12:16:05Z,(GMT-05:00) America/New_York,-18000.0,,,,0,0,0,1,0,True,False,False,False,everyone,False,,[],[],3.456,3.727,True,163.1,178.0,False,True,7248082307,7248082307,garmin_push_8445390996,False,0,0,False,37571002,1,a6813576993,,2,,80.3,,
137,2,Night Activity,0.0,2636,2636,0.0,WeightTraining,WeightTraining,6778212016,2022-03-05T04:18:52Z,2022-03-04T23:18:52Z,(GMT-05:00) America/New_York,-18000.0,,,,0,0,0,1,0,True,False,False,False,everyone,False,,[],[],0.0,0.0,True,131.4,163.0,False,True,7209926483,7209926483,garmin_push_8404806529,False,0,0,False,37571002,1,a6778212016,,2,,,,
138,2,Evening Run,5639.4,1848,2466,0.0,Run,Run,6778211202,2022-03-04T23:16:13Z,2022-03-04T18:16:13Z,(GMT-05:00) America/New_York,-18000.0,,,,0,0,0,1,0,True,False,False,False,everyone,False,,[],[],3.052,3.587,True,161.1,182.0,False,True,7209925614,7209925614,garmin_push_8404805501,False,0,0,False,37571002,1,a6778211202,,2,,81.1,,
140,2,Night Activity,0.0,3228,3228,0.0,WeightTraining,WeightTraining,6778210487,2022-03-04T03:29:44Z,2022-03-03T22:29:44Z,(GMT-05:00) America/New_York,-18000.0,,,,0,0,0,1,0,True,False,False,False,everyone,False,,[],[],0.0,0.0,True,125.6,162.0,False,True,7209924890,7209924890,garmin_push_8404804778,False,0,0,False,37571002,1,a6778210487,,2,,,,
141,2,Afternoon Run,4832.8,1540,1967,0.0,Run,Run,6778209201,2022-03-02T22:57:10Z,2022-03-02T17:57:10Z,(GMT-05:00) America/New_York,-18000.0,,,,0,0,0,1,0,True,False,False,False,everyone,False,,[],[],3.138,3.355,True,165.1,182.0,False,True,7209923466,7209923466,garmin_push_8404803325,False,0,0,False,37571002,1,a6778209201,,2,,75.4,,
143,2,Night Activity,0.0,3048,3048,0.0,WeightTraining,WeightTraining,6778208459,2022-03-01T02:54:57Z,2022-02-28T21:54:57Z,(GMT-05:00) America/New_York,-18000.0,,,,0,0,0,1,0,True,False,False,False,everyone,False,,[],[],0.0,0.0,True,124.9,163.0,False,True,7209922652,7209922652,garmin_push_8404802522,False,0,0,False,37571002,1,a6778208459,,2,,,,
145,2,Evening Activity,0.0,2775,2775,0.0,WeightTraining,WeightTraining,6778205839,2022-02-26T00:23:44Z,2022-02-25T19:23:44Z,(GMT-05:00) America/New_York,-18000.0,,,,0,0,0,1,0,True,False,False,False,everyone,False,,[],[],0.0,0.0,True,130.5,161.0,False,True,7209919880,7209919880,garmin_push_8404799679,False,0,0,False,37571002,1,a6778205839,,2,,,,
146,2,Afternoon Run,4037.4,1297,1649,61.8,Run,Run,6778207416,2022-02-26T01:18:04Z,2022-02-25T17:18:04Z,(GMT-08:00) America/Los_Angeles,-28800.0,,,,0,0,0,1,0,False,False,False,False,everyone,False,,"[32.742123836651444, -117.22358984872699]","[32.73989450186491, -117.24645702168345]",3.113,3.787,True,162.5,177.0,False,True,7209921527,7209921527,garmin_push_8404801303,False,0,0,False,37571002,1,a6778207416,g}yfElfnjUzApAx@p@ZZZl@FJ`@jBFl@f@lCZdAVv@Vd@r@bA`AhA\j@l@f@^l@`@|@Z|An@xA^^V^|@j@nBdBz@j@bA|@rB~AfFnEr@v@^VxBhBFNaEzGWh@u@lACHI`@S^kAbBSb@y@r@[^Oj@Cj@DnA?n@Sp@Wd@OFYp@_BvCSh@m@bAu@fBw@tAcBbDiCjFo@dAs@zAwBxD_@|@QjANPhDhC,2,,79.8,70.6,27.1
147,2,Night Activity,0.0,472,472,0.0,WeightTraining,WeightTraining,6778204999,2022-02-23T05:18:39Z,2022-02-23T00:18:39Z,(GMT-05:00) America/New_York,-18000.0,,,,0,0,0,1,0,True,False,False,False,everyone,False,,[],[],0.0,0.0,True,125.2,140.0,False,True,7209918880,7209918880,garmin_push_8404798600,False,0,0,False,37571002,1,a6778204999,,2,,,,
148,2,Night Activity,0.0,3298,3298,0.0,WeightTraining,WeightTraining,6778204698,2022-02-23T04:20:13Z,2022-02-22T23:20:13Z,(GMT-05:00) America/New_York,-18000.0,,,,0,0,0,1,0,True,False,False,False,everyone,False,,[],[],0.0,0.0,True,140.0,166.0,False,True,7209918620,7209918620,garmin_push_8404798317,False,0,0,False,37571002,1,a6778204698,,2,,,,
150,2,Evening Activity,0.0,3221,3221,0.0,WeightTraining,WeightTraining,6778203732,2022-02-22T01:05:34Z,2022-02-21T20:05:34Z,(GMT-05:00) America/New_York,-18000.0,,,,0,0,0,1,0,True,False,False,False,everyone,False,,[],[],0.0,0.0,True,132.2,161.0,False,True,7209917564,7209917564,garmin_push_8404797291,False,0,0,False,37571002,1,a6778203732,,2,,,,
152,2,Afternoon Run,4234.4,1221,1608,2.4,Run,Run,6778202729,2022-02-22T00:23:11Z,2022-02-21T16:23:11Z,(GMT-08:00) America/Los_Angeles,-28800.0,,,,0,0,0,1,0,False,False,False,False,everyone,False,,"[32.74063521064818, -117.2262034099549]","[32.746426686644554, -117.21008509397507]",3.468,4.226,True,160.7,180.0,False,True,7209916518,7209916518,garmin_push_8404796232,False,0,0,False,37571002,1,a6778202729,}syfExvnjUMc@UqAK_@Gy@Qy@Ok@i@_AaAy@_@a@OSg@[QQeAw@]]GQe@e@]OWWQ[c@a@[a@_@mAMs@I}A?m@Pg@Jc@Ag@KwAI_@M}Ac@oBQoBOo@Y{DCMSe@{@cAWSc@Ue@Mm@g@_@s@c@{A@_@rBkDPe@?IBETa@Tg@V_@JUT_@Tg@FQ?SUWCMaAk@eCwCGq@kB}Cm@w@,2,,80.4,52.2,5.4
153,2,Evening Activity,0.0,508,508,0.0,WeightTraining,WeightTraining,6778201198,2022-02-21T00:22:13Z,2022-02-20T19:22:13Z,(GMT-05:00) America/New_York,-18000.0,,,,0,0,0,1,0,True,False,False,False,everyone,False,,[],[],0.0,0.0,True,101.6,122.0,False,True,7209914832,7209914832,garmin_push_8404794550,False,0,0,False,37571002,1,a6778201198,,2,,,,
156,2,Afternoon Run,1939.6,605,605,0.0,Run,Run,6778201830,2022-02-21T00:39:22Z,2022-02-20T16:39:22Z,(GMT-08:00) America/Los_Angeles,-28800.0,,,,0,0,0,1,0,False,False,False,False,everyone,False,,"[32.684596572071314, -117.18969276174903]","[32.683747401461005, -117.18780792318285]",3.206,3.658,True,131.5,146.0,False,True,7209915544,7209915544,garmin_push_8404795293,False,0,0,False,37571002,1,a6778201830,uunfErrgjUIJMf@w@|D[lAKf@QzAk@jCMr@Gj@El@_@`DU|BMpB?n@QrAK`BO|AEn@AlA?u@NiAD}@f@cFZeCVwCnAkIRcAJs@jBiItBoHJe@Dk@^{A,2,,80.9,2.9,1.0
157,2,Afternoon Activity,0.0,2208,2208,0.0,WeightTraining,WeightTraining,6778200927,2022-02-17T21:16:10Z,2022-02-17T16:16:10Z,(GMT-05:00) America/New_York,-18000.0,,,,0,0,0,1,0,True,False,False,False,everyone,False,,[],[],0.0,0.0,True,130.2,164.0,False,True,7209914528,7209914528,garmin_push_8404794210,False,0,0,False,37571002,1,a6778200927,,2,,,,
158,2,Night Activity,0.0,678,678,0.0,WeightTraining,WeightTraining,6778200053,2022-02-17T05:08:54Z,2022-02-17T00:08:54Z,(GMT-05:00) America/New_York,-18000.0,,,,0,0,0,1,0,True,False,False,False,everyone,False,,[],[],0.0,0.0,True,129.3,147.0,False,True,7209913601,7209913601,garmin_push_8404793206,False,0,0,False,37571002,1,a6778200053,,2,,,,
159,2,Night Ride,0.0,2103,2103,0.0,Ride,Ride,6778199790,2022-02-17T04:31:50Z,2022-02-16T23:31:50Z,(GMT-05:00) America/New_York,-18000.0,,,,0,0,0,1,0,True,False,False,False,everyone,False,,[],[],0.0,0.0,True,136.5,164.0,False,True,7209913297,7209913297,garmin_push_8404792872,False,0,0,False,37571002,1,a6778199790,,2,,,,
160,2,Night Activity,0.0,2159,2159,0.0,WeightTraining,WeightTraining,6778199307,2022-02-16T04:11:32Z,2022-02-15T23:11:32Z,(GMT-05:00) America/New_York,-18000.0,,,,0,0,0,1,0,True,False,False,False,everyone,False,,[],[],0.0,0.0,True,135.8,163.0,False,True,7209912767,7209912767,garmin_push_8404792242,False,0,0,False,37571002,1,a6778199307,,2,,,,
161,2,Night Ride,0.0,912,912,0.0,Ride,Ride,6778198592,2022-02-16T03:53:06Z,2022-02-15T22:53:06Z,(GMT-05:00) America/New_York,-18000.0,,,,0,0,0,1,0,True,False,False,False,everyone,False,,[],[],0.0,0.0,True,134.1,156.0,False,True,7209911987,7209911987,garmin_push_8404791386,False,0,0,False,37571002,1,a6778198592,,2,,,,
162,2,Afternoon Run,6456.3,1949,2269,0.0,Run,Run,6778198304,2022-02-12T21:15:02Z,2022-02-12T16:15:02Z,(GMT-05:00) America/New_York,-18000.0,,,,0,0,0,1,0,True,False,False,False,everyone,False,,[],[],3.313,3.629,True,170.8,183.0,False,True,7209911681,7209911681,garmin_push_8404791033,False,0,0,False,37571002,1,a6778198304,,2,,78.2,,
164,2,Night Activity,0.0,2769,2769,0.0,WeightTraining,WeightTraining,6778197558,2022-02-12T04:59:18Z,2022-02-11T23:59:18Z,(GMT-05:00) America/New_York,-18000.0,,,,0,0,0,1,0,True,False,False,False,everyone,False,,[],[],0.0,0.0,True,131.8,167.0,False,True,7209910868,7209910868,garmin_push_8404790238,False,0,0,False,37571002,1,a6778197558,,2,,,,
166,2,Night Ride,0.0,602,602,0.0,Ride,Ride,6778196554,2022-02-12T04:46:24Z,2022-02-11T23:46:24Z,(GMT-05:00) America/New_York,-18000.0,,,,0,0,0,1,0,True,False,False,False,everyone,False,,[],[],0.0,0.0,True,140.7,172.0,False,True,7209909810,7209909810,garmin_push_8404789212,False,0,0,False,37571002,1,a6778196554,,2,,,,
167,2,Night Activity,0.0,1188,1188,0.0,WeightTraining,WeightTraining,6778196328,2022-02-08T02:43:59Z,2022-02-07T21:43:59Z,(GMT-05:00) America/New_York,-18000.0,,,,0,0,0,1,0,True,False,False,False,everyone,False,,[],[],0.0,0.0,True,117.3,134.0,False,True,7209909544,7209909544,garmin_push_8404788893,False,0,0,False,37571002,1,a6778196328,,2,,,,
168,2,Night Run,3206.1,946,1011,0.0,Run,Run,6778195894,2022-02-08T02:22:25Z,2022-02-07T21:22:25Z,(GMT-05:00) America/New_York,-18000.0,,,,0,0,0,1,0,True,False,False,False,everyone,False,,[],[],3.389,4.385,True,168.3,188.0,False,True,7209909048,7209909048,garmin_push_8404788380,False,0,0,False,37571002,1,a6778195894,,2,,80.7,,
170,2,Afternoon Activity,0.0,3620,3620,0.0,WeightTraining,WeightTraining,6778195579,2022-02-06T20:08:37Z,2022-02-06T15:08:37Z,(GMT-05:00) America/New_York,-18000.0,,,,0,0,0,1,0,True,False,False,False,everyone,False,,[],[],0.0,0.0,True,126.5,153.0,False,True,7209908671,7209908671,garmin_push_8404787980,False,0,0,False,37571002,1,a6778195579,,2,,,,
171,2,Night Activity,0.0,2439,2439,0.0,WeightTraining,WeightTraining,6778194354,2022-02-05T04:33:37Z,2022-02-04T23:33:37Z,(GMT-05:00) America/New_York,-18000.0,,,,0,0,0,1,0,True,False,False,False,everyone,False,,[],[],0.0,0.0,True,126.5,169.0,False,True,7209907381,7209907381,garmin_push_8404786702,False,0,0,False,37571002,1,a6778194354,,2,,,,
172,2,Night Activity,0.0,2763,2763,0.0,WeightTraining,WeightTraining,6623540100,2022-02-03T04:58:07Z,2022-02-02T23:58:07Z,(GMT-05:00) America/New_York,-18000.0,,,,0,0,0,1,0,True,False,False,False,everyone,False,,[],[],0.0,0.0,True,109.8,155.0,False,True,7043459729,7043459729,garmin_push_8229104149,False,0,0,False,37571002,1,a6623540100,,2,,,,
173,2,Evening Activity,0.0,2275,2275,0.0,WeightTraining,WeightTraining,6617590210,2022-02-01T23:06:29Z,2022-02-01T18:06:29Z,(GMT-05:00) America/New_York,-18000.0,,,,0,0,0,1,0,True,False,False,False,everyone,False,,[],[],0.0,0.0,True,134.6,164.0,False,True,7037129421,7037129421,garmin_push_8222501551,False,0,0,False,37571002,1,a6617590210,,2,,,,
174,2,Evening Activity,0.0,366,366,0.0,WeightTraining,WeightTraining,6612671218,2022-02-01T01:36:04Z,2022-01-31T20:36:04Z,(GMT-05:00) America/New_York,-18000.0,,,,0,0,0,1,0,True,False,False,False,everyone,False,,[],[],0.0,0.0,True,138.2,150.0,False,True,7031887406,7031887406,garmin_push_8216945028,False,0,0,False,37571002,1,a6612671218,,2,,,,
175,2,Evening Activity,0.0,3572,3572,0.0,WeightTraining,WeightTraining,6612654797,2022-02-01T00:36:05Z,2022-01-31T19:36:05Z,(GMT-05:00) America/New_York,-18000.0,,,,0,0,0,1,0,True,False,False,False,everyone,False,,[],[],0.0,0.0,True,124.5,151.0,False,True,7031870047,7031870047,garmin_push_8216930706,False,0,0,False,37571002,1,a6612654797,,2,,,,
176,2,Afternoon Activity,0.0,3493,3493,0.0,WeightTraining,WeightTraining,6607444642,2022-01-30T20:23:23Z,2022-01-30T15:23:23Z,(GMT-05:00) America/New_York,-18000.0,,,,0,0,0,1,0,True,False,False,False,everyone,False,,[],[],0.0,0.0,True,120.3,150.0,False,True,7026301634,7026301634,garmin_push_8210955203,False,0,0,False,37571002,1,a6607444642,,2,,,,
177,2,Night Activity,0.0,2235,2235,0.0,WeightTraining,WeightTraining,6602647785,2022-01-30T02:02:10Z,2022-01-29T21:02:10Z,(GMT-05:00) America/New_York,-18000.0,,,,0,0,0,1,0,True,False,False,False,everyone,False,,[],[],0.0,0.0,True,120.5,164.0,False,True,7021153232,7021153232,garmin_push_8205769020,False,0,0,False,37571002,1,a6602647785,,2,,,,
178,2,Evening Activity,0.0,2154,2154,0.0,WeightTraining,WeightTraining,6596858308,2022-01-29T00:23:42Z,2022-01-28T19:23:42Z,(GMT-05:00) America/New_York,-18000.0,,,,0,0,0,1,0,True,False,False,False,everyone,False,,[],[],0.0,0.0,True,140.7,159.0,False,True,7014930156,7014930156,garmin_push_8199385779,False,0,0,False,37571002,1,a6596858308,,2,,,,
179,2,Evening Run,5671.4,1560,1583,0.0,Run,Run,6596752051,2022-01-28T23:51:05Z,2022-01-28T18:51:05Z,(GMT-05:00) America/New_York,-18000.0,,,,0,0,0,1,0,True,False,False,False,everyone,False,,[],[],3.636,4.058,True,170.5,187.0,False,True,7014817448,7014817448,garmin_push_8199281085,False,0,0,False,37571002,1,a6596752051,,2,,81.0,,
181,2,Evening Activity,0.0,3094,3094,0.0,WeightTraining,WeightTraining,6592662914,2022-01-28T01:58:04Z,2022-01-27T20:58:04Z,(GMT-05:00) America/New_York,-18000.0,,,,0,0,0,1,0,True,False,False,False,everyone,False,,[],[],0.0,0.0,True,126.3,159.0,False,True,7010429917,7010429917,garmin_push_8194530955,False,0,0,False,37571002,1,a6592662914,,2,,,,
182,2,Night Activity,0.0,427,427,0.0,WeightTraining,WeightTraining,6587928375,2022-01-27T04:41:19Z,2022-01-26T23:41:19Z,(GMT-05:00) America/New_York,-18000.0,,,,0,0,0,1,0,True,False,False,False,everyone,False,,[],[],0.0,0.0,True,139.1,156.0,False,True,7005380604,7005380604,garmin_push_8189226850,False,0,0,False,37571002,1,a6587928375,,2,,,,
183,2,Night Activity,0.0,2591,2591,0.0,WeightTraining,WeightTraining,6587916098,2022-01-27T03:55:03Z,2022-01-26T22:55:03Z,(GMT-05:00) America/New_York,-18000.0,,,,0,0,0,1,0,True,False,False,False,everyone,False,,[],[],0.0,0.0,True,134.2,165.0,False,True,7005367114,7005367114,garmin_push_8189211661,False,0,0,False,37571002,1,a6587916098,,2,,,,
184,2,Night Activity,0.0,1039,1039,0.0,WeightTraining,WeightTraining,6583047597,2022-01-26T03:29:46Z,2022-01-25T22:29:46Z,(GMT-05:00) America/New_York,-18000.0,,,,0,0,0,1,0,True,False,False,False,everyone,False,,[],[],0.0,0.0,True,159.1,170.0,False,True,7000171456,7000171456,garmin_push_8183777137,False,0,0,False,37571002,1,a6583047597,,2,,,,
185,2,Night Run,7179.9,2148,2600,0.0,Run,Run,6583047519,2022-01-26T02:43:27Z,2022-01-25T21:43:27Z,(GMT-05:00) America/New_York,-18000.0,,,,0,0,0,1,0,True,False,False,False,everyone,False,,[],[],3.343,4.544,True,163.1,188.0,False,True,7000171438,7000171438,garmin_push_8183777100,False,0,0,False,37571002,1,a6583047519,,2,,78.6,,
187,2,Evening Activity,0.0,3631,3631,0.0,WeightTraining,WeightTraining,6583046784,2022-01-25T01:51:11Z,2022-01-24T20:51:11Z,(GMT-05:00) America/New_York,-18000.0,,,,0,0,0,1,0,True,False,False,False,everyone,False,,[],[],0.0,0.0,True,135.3,160.0,False,True,7000170592,7000170592,garmin_push_8183776028,False,0,0,False,37571002,1,a6583046784,,2,,,,
189,2,Night Activity,0.0,624,624,0.0,WeightTraining,WeightTraining,6583045927,2022-01-23T03:26:30Z,2022-01-22T22:26:30Z,(GMT-05:00) America/New_York,-18000.0,,,,0,0,0,1,0,True,False,False,False,everyone,False,,[],[],0.0,0.0,True,134.3,150.0,False,True,7000169723,7000169723,garmin_push_8183774819,False,0,0,False,37571002,1,a6583045927,,2,,,,
190,2,Night Activity,0.0,3038,3038,0.0,WeightTraining,WeightTraining,6583045733,2022-01-23T02:34:44Z,2022-01-22T21:34:44Z,(GMT-05:00) America/New_York,-18000.0,,,,0,0,0,1,0,True,False,False,False,everyone,False,,[],[],0.0,0.0,True,132.9,163.0,False,True,7000169490,7000169490,garmin_push_8183774532,False,0,0,False,37571002,1,a6583045733,,2,,,,
191,2,Night Activity,0.0,1435,1435,0.0,WeightTraining,WeightTraining,6583045045,2022-01-22T04:23:43Z,2022-01-21T23:23:43Z,(GMT-05:00) America/New_York,-18000.0,,,,0,0,0,1,0,True,False,False,False,everyone,False,,[],[],0.0,0.0,True,141.4,169.0,False,True,7000168736,7000168736,garmin_push_8183773534,False,0,0,False,37571002,1,a6583045045,,2,,,,
192,2,Night Run,5412.6,1629,1786,0.0,Run,Run,6583044876,2022-01-22T03:47:27Z,2022-01-21T22:47:27Z,(GMT-05:00) America/New_York,-18000.0,,,,0,0,0,1,0,True,False,False,False,everyone,False,,[],[],3.323,4.372,True,164.0,184.0,False,True,7000168547,7000168547,garmin_push_8183773269,False,0,0,False,37571002,1,a6583044876,,2,,76.4,,
194,2,Night Activity,0.0,659,659,0.0,WeightTraining,WeightTraining,6583044685,2022-01-21T03:34:46Z,2022-01-20T22:34:46Z,(GMT-05:00) America/New_York,-18000.0,,,,0,0,0,1,0,True,False,False,False,everyone,False,,[],[],0.0,0.0,True,122.1,140.0,False,True,7000168361,7000168361,garmin_push_8183772988,False,0,0,False,37571002,1,a6583044685,,2,,,,
195,2,Night Activity,0.0,3149,3149,0.0,WeightTraining,WeightTraining,6583044589,2022-01-21T02:41:54Z,2022-01-20T21:41:54Z,(GMT-05:00) America/New_York,-18000.0,,,,0,0,0,1,0,True,False,False,False,everyone,False,,[],[],0.0,0.0,True,114.9,142.0,False,True,7000168222,7000168222,garmin_push_8183772793,False,0,0,False,37571002,1,a6583044589,,2,,,,
196,2,Night Run,2542.7,795,795,0.0,Run,Run,6583044198,2022-01-20T04:08:50Z,2022-01-19T23:08:50Z,(GMT-05:00) America/New_York,-18000.0,,,,0,0,0,1,0,True,False,False,False,everyone,False,,[],[],3.198,3.49,True,168.6,180.0,False,True,7000167820,7000167820,garmin_push_8183772236,False,0,0,False,37571002,1,a6583044198,,2,,79.9,,
198,2,Night Activity,0.0,3011,3011,0.0,WeightTraining,WeightTraining,6583044103,2022-01-20T03:15:59Z,2022-01-19T22:15:59Z,(GMT-05:00) America/New_York,-18000.0,,,,0,0,0,1,0,True,False,False,False,everyone,False,,[],[],0.0,0.0,True,130.4,154.0,False,True,7000167688,7000167688,garmin_push_8183772078,False,0,0,False,37571002,1,a6583044103,,2,,,,
199,2,Evening Activity,0.0,307,307,0.0,WeightTraining,WeightTraining,6583043667,2022-01-19T01:03:39Z,2022-01-18T20:03:39Z,(GMT-05:00) America/New_York,-18000.0,,,,0,0,0,1,0,True,False,False,False,everyone,False,,[],[],0.0,0.0,True,134.2,150.0,False,True,7000167259,7000167259,garmin_push_8183771510,False,0,0,False,37571002,1,a6583043667,,2,,,,
